0.0,8.2,5.8,2.5132741228718345,-1.0610891915644614e-17,-1.3640457773428276e-17,2.165971151169325e-20,2.0,-1.0,-1.0
0.02,8.2,5.8,2.5132741228718345,-0.05748985172570986,0.04404600377982581,0.09201811325825261,0.0,-1.0,-1.0
0.04,8.2,5.8,2.5132741228718345,-0.11497970345141971,0.08809200755965163,0.18403622651650522,0.0,-1.0,-1.0
0.06,8.2,5.8,2.5132741228718345,-0.17246955517712953,0.13213801133947747,0.27605433977475785,0.0,-1.0,-1.0
0.08,8.2,5.8,2.5132741228718345,-0.2299594069028394,0.1761840151193033,0.36807245303301045,0.0,-1.0,-1.0
0.1,8.196748289538759,5.802491306673568,2.518478802524395,-0.2902192387502862,0.22037564409326185,0.4534497686416127,0.0,-1.0,-1.0
0.12,8.19174685064775,5.806323172467012,2.5264840931367774,-0.35196958244577925,0.26464563322422135,0.5352537056907058,0.0,-1.0,-1.0
0.14,8.18674541175674,5.810155038260456,2.5344893837491598,-0.41371992614127234,0.3089156223551809,0.6170576427397991,0.0,-1.0,-1.0
0.16,8.181743972865732,5.8139869040539,2.542494674361542,-0.4754702698367653,0.35318561148614036,0.6988615797888924,0.0,-1.0,-1.0
0.18,8.17512924216958,5.818975369250756,2.5526371777143178,-0.5389080124180745,0.39712730756768466,0.7767369600754069,0.0,-1.0,-1.0
0.2,8.164755714793019,5.826658586868875,2.5677591572711598,-0.6062772132205926,0.4403041160942245,0.8454592249299084,0.0,-1.0,-1.0
0.22,8.154382187416456,5.834341804486995,2.582881136828002,-0.6736464140231107,0.4834809246207643,0.9141814897844098,0.0,-1.0,-1.0
0.24,8.144008660039894,5.842025022105114,2.598003116384844,-0.7410156148256287,0.5266577331473041,0.9829037546389112,0.0,-1.0,-1.0
0.26,8.133635132663333,5.849708239723233,2.613125095941686,-0.8083848156281468,0.569834541673844,1.0516260194934128,0.0,-1.0,-1.0
0.28,8.117691014052285,5.860961639980388,2.633929548225711,-0.8819882366763285,0.610320279154696,1.1049637772871859,0.0,-1.0,-1.0
0.3,8.101456575039396,5.872401106099279,2.6550301517971246,-0.955916564229171,0.6506657671010763,1.1574997465303363,0.0,-1.0,-1.0
0.32,8.085222136026509,5.883840572218169,2.6761307553685385,-1.0298448917820138,0.6910112550474565,1.210035715773487,0.0,-1.0,-1.0
0.34,8.06898769701362,5.895280038337059,2.697231358939953,-1.1037732193348564,0.7313567429938369,1.2625716850166373,0.0,-1.0,-1.0
0.36,8.048890349460596,5.908827639931254,2.7210770759336698,-1.1817765100583386,0.7684868991813484,1.3035701823034118,0.0,-1.0,-1.0
0.38,8.026224375116321,5.9237770384370725,2.7467481459763348,-1.2624894325177793,0.8034790323707044,1.336896880151367,0.0,-1.0,-1.0
0.4,8.003558400772047,5.938726436942891,2.7724192160189998,-1.3432023549772198,0.8384711655600604,1.370223577999322,0.0,-1.0,-1.0
0.42,7.980892426427772,5.95367583544871,2.7980902860616648,-1.4239152774366604,0.8734632987494163,1.4035502758472769,0.0,-1.0,-1.0
0.44,7.956465566981731,5.969388644869839,2.824488432809563,-1.506094792672315,0.9061779530494916,1.431377238229519,0.0,-1.0,-1.0
0.46,7.92677781858033,5.987382250493247,2.8530588222576934,-1.5926559576423296,0.9320883226619042,1.4427729765983677,0.0,-1.0,-1.0
0.48,7.89709007017893,6.005375856116656,2.8816292117058238,-1.6792171226123442,0.9579986922743168,1.4541687149672164,0.0,-1.0,-1.0
0.5,7.867402321777529,6.023369461740065,2.910199601153954,-1.7657782875823589,0.9839090618867294,1.4655644533360652,0.0,-1.0,-1.0
0.52,7.837714573376129,6.041363067363473,2.9387699906020845,-1.8523394525523738,1.009819431499142,1.476960191704914,0.0,-1.0,-1.0
0.54,7.801242324206037,6.061387478864013,2.9682335565197095,-1.9413480767169902,1.0231377599364047,1.4640359074443445,0.0,-1.0,-1.0
0.56,7.764024022777685,6.0816352063257995,2.9977953398810073,-2.030625833795197,1.0350714145302808,1.4484372911404544,0.0,-1.0,-1.0
0.58,7.726805721349333,6.101882933787585,3.0273571232423047,-2.119903590873404,1.047005069124157,1.432838674836564,0.0,-1.0,-1.0
0.6,7.68958741992098,6.12213066124937,3.056918906603602,-2.2091813479516107,1.0589387237180334,1.4172400585326739,0.0,-1.0,-1.0
0.62,7.648088903398434,6.142950520115363,3.085732850467835,-2.294860585167064,1.0613420713258355,1.3784595666210222,0.0,-1.0,-1.0
0.64,7.603103713850707,6.1642364385344415,3.113937602563851,-2.3776084598551863,1.0559820090211083,1.3207950657107834,0.0,-1.0,-1.0
0.66,7.558118524302981,6.18552235695352,3.1421423546598675,-2.460356334543309,1.0506219467163809,1.2631305648005446,0.0,-1.0,-1.0
0.68,7.513133334755255,6.206808275372598,3.170347106755884,-2.5431042092314313,1.0452618844116535,1.2054660638903059,0.0,-1.0,-1.0
0.7000000000000001,7.466699457437722,6.228000353838257,3.197542311989996,-2.621546030813763,1.0383562425342798,1.1363598261519767,0.0,-1.0,-1.0
0.72,7.414515459296993,6.248819963452141,3.2207304312573335,-2.6828962981319897,1.0253158976036976,1.021839130888751,0.0,-1.0,-1.0
0.74,7.362331461156264,6.2696395730660255,3.243918550524671,-2.7442465654502173,1.0122755526731155,0.9073184356255244,0.0,-1.0,-1.0
0.76,7.310147463015534,6.29045918267991,3.267106669792009,-2.8055968327684444,0.9992352077425333,0.7927977403622979,0.0,-1.0,-1.0
0.78,7.257963464874805,6.311278792293794,3.2902947890593466,-2.8669471000866715,0.986194862811951,0.6782770450990714,0.0,-1.0,-1.0
0.8,7.201235330998641,6.331132520258067,3.3050005070831316,-2.9059487712741268,0.972605909308178,0.5260400257063198,0.0,-1.0,-1.0
0.8200000000000001,7.14371404977701,6.350817660285926,3.3182256808579735,-2.9410496501595764,0.958921199986608,0.367219883778107,0.0,-1.0,-1.0
0.84,7.08619276855538,6.370502800313784,3.331450854632815,-2.976150529045025,0.945236490665038,0.20839974184989507,0.0,-1.0,-1.0
0.86,7.028671487333749,6.390187940341643,3.344676028407657,-3.011251407930475,0.9315517813434679,0.04957959992168226,0.0,-1.0,-1.0
0.88,6.9696186393492034,6.409275971504349,3.3509713571648714,-3.0417535493637624,0.8813984608657173,-0.03646982679452194,0.0,-1.0,-1.0
0.9,6.909043690471516,6.4277705842415855,3.350379670908395,-3.067685375905952,0.795001923992475,-0.05019829872063536,0.0,-1.0,-1.0
0.92,6.848468741593829,6.446265196978821,3.3497879846519183,-3.093617202448142,0.7086053871192326,-0.06392677064674879,0.0,-1.0,-1.0
0.9400000000000001,6.78789379271614,6.464759809716058,3.3491962983954418,-3.1195490289903316,0.6222088502459903,-0.07765524257286222,0.0,-1.0,-1.0
0.96,6.727318843838454,6.483254422453294,3.3486046121389648,-3.1454808555325213,0.5358123133727484,-0.09138371449897556,0.0,-1.0,-1.0
0.98,6.666743894960766,6.501749035190531,3.3480129258824882,-3.171412682074711,0.4494157764995061,-0.10511218642508899,0.0,-1.0,-1.0
1.0,6.606168946083079,6.520243647927766,3.3474212396260117,-3.1973445086169012,0.3630192396262637,-0.11884065835120242,0.0,-1.0,-1.0
1.02,6.545593997205391,6.538738260665003,3.346829553369535,-3.223276335159091,0.27662270275302137,-0.13256913027731582,0.0,-1.0,-1.0
1.04,6.485019048327704,6.557232873402239,3.3462378671130586,-3.2492081617012807,0.19022616587977903,-0.14629760220342924,0.0,-1.0,-1.0
1.06,6.423040540218975,6.57105127651494,3.344903127779754,-3.2666920987064554,0.10315705334517242,-0.15249047915830005,0.0,-1.0,-1.0
1.08,6.357690174712085,6.5736357311991505,3.3417833059512327,-3.263881146686453,0.01447217058196451,-0.14058012890950627,0.0,-1.0,-1.0
1.1,6.2923398092051945,6.57622018588336,3.338663484122712,-3.2610701946664507,-0.0742127121812434,-0.12866977866071252,0.0,-1.0,-1.0
1.12,6.226989443698304,6.578804640567571,3.3355436622941914,-3.2582592426464485,-0.1628975949444513,-0.11675942841191875,0.0,-1.0,-1.0
1.1400000000000001,6.161639078191414,6.581389095251782,3.3324238404656703,-3.2554482906264464,-0.2515824777076592,-0.10484907816312497,0.0,-1.0,-1.0
1.16,6.096288712684525,6.583973549935992,3.3293040186371496,-3.252637338606444,-0.34026736047086614,-0.09293872791433133,0.0,-1.0,-1.0
1.18,6.030938347177635,6.586558004620203,3.3261841968086285,-3.2498263865864416,-0.428952243234074,-0.08102837766553757,0.0,-1.0,-1.0
1.2,5.965587981670745,6.589142459304413,3.323064374980108,-3.2470154345664395,-0.5176371259972818,-0.06911802741674379,0.0,-1.0,-1.0
1.22,5.900237616163855,6.591726913988624,3.3199445531515868,-3.2442044825464373,-0.6063220087604898,-0.05720767716795003,0.0,-1.0,-1.0
1.24,5.834931911472676,6.592902330319529,3.3170139647051142,-3.241508335563254,-0.6879874164699297,-0.04627441534904815,0.0,-1.0,-1.0
1.26,5.770099190451737,6.579155221809881,3.3160874663798574,-3.2400280398091987,-0.6953125547241462,-0.0456890807758955,0.0,-1.0,-1.0
1.28,5.705266469430798,6.565408113300233,3.3151609680546,-3.2385477440551433,-0.7026376929783626,-0.04510374620274285,0.0,-1.0,-1.0
1.3,5.640433748409858,6.551661004790586,3.3142344697293433,-3.237067448301088,-0.7099628312325792,-0.04451841162959021,0.0,-1.0,-1.0
1.32,5.575601027388919,6.537913896280938,3.3133079714040865,-3.235587152547032,-0.7172879694867957,-0.04393307705643756,0.0,-1.0,-1.0
1.34,5.51076830636798,6.52416678777129,3.3123814730788297,-3.2341068567929767,-0.7246131077410122,-0.04334774248328491,0.0,-1.0,-1.0
1.36,5.4459355853470415,6.510419679261643,3.311454974753573,-3.2326265610389213,-0.7319382459952287,-0.04276240791013226,0.0,-1.0,-1.0
1.3800000000000001,5.3811028643261025,6.496672570751995,3.310528476428316,-3.2311462652848655,-0.7392633842494453,-0.042177073336979606,0.0,-1.0,-1.0
1.4000000000000001,5.316270143305164,6.482925462242347,3.3096019781030592,-3.22966596953081,-0.7465885225036618,-0.041591738763826956,0.0,-1.0,-1.0
1.42,5.2514374222842255,6.4691783537327,3.3086754797778024,-3.2281856737767547,-0.7539136607578782,-0.04100640419067431,0.0,-1.0,-1.0
1.44,5.186844219118628,6.45424600815139,3.3078436909599103,-3.2278129691394195,-0.7535371775305734,-0.042363076095848655,0.0,-1.0,-1.0
1.46,5.122284098600727,6.439149955440924,3.307024983593759,-3.2275932470288136,-0.7520969321473898,-0.043987981515624074,0.0,-1.0,-1.0
1.48,5.057723978082826,6.424053902730459,3.3062062762276083,-3.2273735249182076,-0.7506566867642063,-0.045612886935399485,0.0,-1.0,-1.0
1.5,4.993163857564925,6.408957850019993,3.305387568861457,-3.2271538028076017,-0.7492164413810226,-0.047237792355174904,0.0,-1.0,-1.0
1.52,4.928603737047024,6.393861797309528,3.304568861495306,-3.2269340806969957,-0.7477761959978391,-0.048862697774950316,0.0,-1.0,-1.0
1.54,4.864043616529123,6.378765744599062,3.3037501541291547,-3.2267143585863898,-0.7463359506146555,-0.05048760319472573,0.0,-1.0,-1.0
1.56,4.799483496011223,6.363669691888597,3.3029314467630035,-3.2264946364757834,-0.744895705231472,-0.052112508614501146,0.0,-1.0,-1.0
1.58,4.734923375493322,6.348573639178132,3.3021127393968523,-3.2262749143651774,-0.7434554598482884,-0.05373741403427656,0.0,-1.0,-1.0
1.6,4.67036325497542,6.333477586467666,3.301294032030701,-3.2260551922545715,-0.7420152144651048,-0.05536231945405197,0.0,-1.0,-1.0
1.62,4.605830284911117,6.318559500896407,3.3002745395952746,-3.225859283511937,-0.7415768015792282,-0.05619901177337967,0.0,-1.0,-1.0
1.6400000000000001,4.541310626819535,6.303728673303881,3.299156601461485,-3.2256750505559966,-0.7416295910531477,-0.05664924015187612,0.0,-1.0,-1.0
1.6600000000000001,4.476790968727954,6.288897845711355,3.2980386633276955,-3.2254908176000563,-0.7416823805270673,-0.05709946853037257,0.0,-1.0,-1.0
1.68,4.412271310636373,6.274067018118829,3.2969207251939063,-3.225306584644116,-0.7417351700009868,-0.05754969690886902,0.0,-1.0,-1.0
1.7,4.347751652544791,6.259236190526303,3.2958027870601168,-3.2251223516881757,-0.7417879594749063,-0.05799992528736547,0.0,-1.0,-1.0
1.72,4.283231994453209,6.244405362933777,3.294684848926327,-3.2249381187322355,-0.7418407489488258,-0.058450153665861926,0.0,-1.0,-1.0
1.74,4.218712336361628,6.229574535341251,3.2935669107925376,-3.224753885776295,-0.7418935384227453,-0.05890038204435838,0.0,-1.0,-1.0
1.76,4.1541926782700465,6.214743707748725,3.292448972658748,-3.224569652820355,-0.7419463278966648,-0.05935061042285483,0.0,-1.0,-1.0
1.78,4.089673020178465,6.199912880156199,3.2913310345249585,-3.2243854198644146,-0.7419991173705842,-0.059800838801351286,0.0,-1.0,-1.0
1.8,4.025169082761371,6.185077548015984,3.290174678217029,-3.2223279041775217,-0.7394707871713174,-0.06744834589881982,0.0,-1.0,-1.0
1.82,3.9606833516714226,6.1702369990977655,3.2889738292986053,-3.218100914257132,-0.7339532271392948,-0.08343111946413538,0.0,-1.0,-1.0
1.84,3.896197620581474,6.1553964501795475,3.2877729803801814,-3.213873924336742,-0.7284356671072721,-0.09941389302945094,0.0,-1.0,-1.0
1.86,3.8317118894915256,6.1405559012613296,3.2865721314617575,-3.209646934416352,-0.7229181070752494,-0.1153966665947665,0.0,-1.0,-1.0
1.8800000000000001,3.767226158401577,6.125715352343112,3.2853712825433337,-3.205419944495962,-0.7174005470432268,-0.13137944016008207,0.0,-1.0,-1.0
1.9000000000000001,3.7027404273116287,6.110874803424894,3.28417043362491,-3.201192954575572,-0.7118829870112041,-0.14736221372539762,0.0,-1.0,-1.0
1.92,3.6382546962216806,6.096034254506676,3.282969584706486,-3.1969659646551825,-0.7063654269791815,-0.163344987290713,0.0,-1.0,-1.0
1.94,3.573768965131732,6.081193705588458,3.281768735788062,-3.1927389747347923,-0.7008478669471588,-0.17932776085602858,0.0,-1.0,-1.0
1.96,3.5092832340417837,6.066353156670239,3.280567886869638,-3.1885119848144026,-0.6953303069151361,-0.1953105344213441,0.0,-1.0,-1.0
1.98,3.444996567100185,6.051772449485602,3.27861435169741,-3.163180420693345,-0.6972493093343934,-0.20816143059930786,0.0,-1.0,-1.0
2.0,3.381289247740103,6.037947974305447,3.2744702314077854,-3.076427027863054,-0.7208113575088028,-0.2118974479554962,0.0,-1.0,-1.0
2.02,3.3175819283800205,6.024123499125292,3.270326111118161,-2.989673635032762,-0.7443734056832121,-0.21563346531168456,0.0,-1.0,-1.0
2.04,3.253874609019938,6.010299023945136,3.2661819908285366,-2.9029202422024705,-0.7679354538576215,-0.21936948266787293,0.0,-1.0,-1.0
2.06,3.1901672896598563,5.996474548764981,3.2620378705389124,-2.8161668493721788,-0.7914975020320308,-0.2231055000240613,0.0,-1.0,-1.0
2.08,3.126459970299774,5.982650073584826,3.257893750249288,-2.729413456541887,-0.8150595502064402,-0.22684151738024966,0.0,-1.0,-1.0
2.1,3.0627526509396916,5.9688255984046705,3.2537496299596635,-2.642660063711596,-0.8386215983808496,-0.23057753473643802,0.0,-1.0,-1.0
2.12,2.9990453315796093,5.955001123224515,3.2496055096700394,-2.555906670881304,-0.8621836465552589,-0.2343135520926264,0.0,-1.0,-1.0
2.14,2.9353380122195274,5.94117664804436,3.245461389380415,-2.4691532780510124,-0.8857456947296682,-0.23804956944881475,0.0,-1.0,-1.0
2.16,2.872399048062505,5.927143489126095,3.241284180029018,-2.3823512498635218,-0.9070780964361143,-0.2415272918757642,0.0,-1.0,-1.0
2.18,2.8246676027538475,5.9089799984706115,3.2364520619471557,-2.2945866159588375,-0.8842806600784588,-0.239892762847664,0.0,-1.0,-1.0
2.2,2.77693615744519,5.890816507815128,3.2316199438652933,-2.206821982054153,-0.8614832237208034,-0.23825823381956385,0.0,-1.0,-1.0
2.22,2.7292047121365326,5.872653017159644,3.226787825783431,-2.1190573481494686,-0.838685787363148,-0.2366237047914637,0.0,-1.0,-1.0
2.24,2.681473266827875,5.85448952650416,3.221955707701568,-2.031292714244784,-0.8158883510054926,-0.2349891757633635,0.0,-1.0,-1.0
2.2600000000000002,2.633741821519217,5.8363260358486775,3.2171235896197055,-1.9435280803400994,-0.7930909146478372,-0.23335464673526335,0.0,-1.0,-1.0
2.2800000000000002,2.58601037621056,5.818162545193194,3.212291471537843,-1.855763446435415,-0.7702934782901818,-0.23172011770716316,0.0,-1.0,-1.0
2.3000000000000003,2.5382789309019023,5.79999905453771,3.2074593534559805,-1.7679988125307304,-0.7474960419325264,-0.230085588679063,0.0,-1.0,-1.0
2.32,2.490547485593246,5.781835563882227,3.2026272353741185,-1.680234178626048,-0.7246986055748714,-0.22845105965096288,0.0,-1.0,-1.0
2.34,2.4428160402845887,5.7636720732267435,3.197795117292256,-1.5924695447213635,-0.7019011692172161,-0.22681653062286272,0.0,-1.0,-1.0
2.36,2.4086681628431434,5.749037002963226,3.193215979653612,-1.5060221093412538,-0.6752649811941036,-0.2182553408553911,0.0,-1.0,-1.0
2.38,2.3770988143895737,5.735071722430288,3.188684864553125,-1.4198247139073206,-0.6479000941617619,-0.20837928332414454,0.0,-1.0,-1.0
2.4,2.3455294659360035,5.72110644189735,3.1841537494526375,-1.3336273184733876,-0.6205352071294201,-0.19850322579289797,0.0,-1.0,-1.0
2.42,2.313960117482434,5.707141161364411,3.17962263435215,-1.2474299230394543,-0.5931703200970784,-0.18862716826165143,0.0,-1.0,-1.0
2.44,2.282390769028864,5.693175880831473,3.1750915192516627,-1.1612325276055213,-0.5658054330647366,-0.17875111073040484,0.0,-1.0,-1.0
2.46,2.2508214205752943,5.679210600298535,3.1705604041511757,-1.075035132171588,-0.5384405460323949,-0.1688750531991583,0.0,-1.0,-1.0
2.48,2.2192520721217246,5.665245319765597,3.1660292890506883,-0.988837736737655,-0.5110756590000531,-0.15899899566791173,0.0,-1.0,-1.0
2.5,2.1876827236681544,5.651280039232659,3.161498173950201,-0.9026403413037218,-0.4837107719677115,-0.14912293813666516,0.0,-1.0,-1.0
2.52,2.1561133752145847,5.637314758699721,3.1569670588497134,-0.8164429458697887,-0.45634588493536976,-0.13924688060541862,0.0,-1.0,-1.0
2.54,2.1345891146160025,5.626538468889738,3.1535868586354923,-0.7315430516106585,-0.42729304081142755,-0.1502052860001919,0.0,-1.0,-1.0
2.56,2.1188932517759262,5.617612506986278,3.1508744464824794,-0.6473959982473023,-0.3972608040260013,-0.17325233997332407,0.0,-1.0,-1.0
2.58,2.1031973889358495,5.6086865450828185,3.148162034329466,-0.5632489448839461,-0.36722856724057507,-0.19629939394645624,0.0,-1.0,-1.0
2.6,2.087501526095773,5.599760583179359,3.1454496221764527,-0.4791018915205899,-0.33719633045514874,-0.21934644791958843,0.0,-1.0,-1.0
2.62,2.071805663255697,5.590834621275899,3.1427372100234394,-0.39495483815723376,-0.3071640936697225,-0.24239350189272063,0.0,-1.0,-1.0
2.64,2.05610980041562,5.58190865937244,3.140024797870426,-0.31080778479387755,-0.2771318568842962,-0.2654405558658528,0.0,-1.0,-1.0
2.66,2.040413937575544,5.572982697468981,3.137312385717413,-0.22666073143052134,-0.24709962009886996,-0.288487609838985,0.0,-1.0,-1.0
2.68,2.0247180747354676,5.564056735565521,3.1345999735644,-0.1425136780671652,-0.2170673833134437,-0.31153466381211714,0.0,-1.0,-1.0
2.7,2.009022211895391,5.555130773662062,3.1318875614113866,-0.058366624703809045,-0.18703514652801745,-0.33458171778524937,0.0,-1.0,-1.0
2.72,1.9999149827798528,5.548556307149099,3.127370586995178,0.006126795305555767,-0.20255159873480127,-0.36620305166806794,1.0,-1.0,-1.0
2.74,1.9997150294653125,5.545160863611706,3.120413996954489,0.044050164513081316,-0.27964602783176773,-0.40941608713024313,0.0,-1.0,-1.0
2.7600000000000002,1.9995150761507723,5.541765420074314,3.1134574069138004,0.08197353372060688,-0.35674045692873424,-0.4526291225924184,0.0,-1.0,-1.0
2.7800000000000002,1.999315122836232,5.538369976536922,3.1065008168731114,0.11989690292813242,-0.43383488602570075,-0.49584215805459364,0.0,-1.0,-1.0
2.8000000000000003,1.9991151695216915,5.534974532999529,3.099544226832423,0.157820272135658,-0.5109293151226673,-0.5390551935167689,0.0,-1.0,-1.0
2.82,1.9994997697097407,5.5303907504642975,3.091921547998339,0.19412767020713476,-0.5888581575914117,-0.5815200195861248,0.0,-1.0,-1.0
2.84,2.0033039147967893,5.51885537403673,3.080402355798674,0.2209818944789084,-0.6716681854033075,-0.6196079398611242,0.0,-1.0,-1.0
2.86,2.007108059883838,5.507319997609163,3.068883163599009,0.24783611875068204,-0.7544782132152034,-0.6576958601361235,0.0,-1.0,-1.0
2.88,2.0109122049708867,5.495784621181596,3.057363971399344,0.27469034302245565,-0.8372882410270992,-0.6957837804111229,0.0,-1.0,-1.0
2.9,2.0147163500579355,5.484249244754029,3.045844779199679,0.3015445672942293,-0.9200982688389951,-0.7338717006861222,0.0,-1.0,-1.0
2.92,2.018520495144984,5.472713868326462,3.0343255870000143,0.32839879156600293,-1.0029082966508909,-0.7719596209611216,0.0,-1.0,-1.0
2.94,2.024782320903703,5.453599773455419,3.0193206137725075,0.35726377312835383,-1.0861954332597832,-0.8034876956221593,0.0,-1.0,-1.0
2.96,2.031421840556078,5.4333209887567495,3.003779949222683,0.3864377658486766,-1.1695558914687159,-0.8340076598072154,0.0,-1.0,-1.0
2.98,2.0380613602084536,5.41304220405808,2.988239284672858,0.41561175856899946,-1.2529163496776488,-0.8645276239922715,0.0,-1.0,-1.0
3.0,2.0447008798608293,5.39276341935941,2.972698620123033,0.44478575128932224,-1.3362768078865817,-0.8950475881773275,0.0,-1.0,-1.0
3.02,2.051340399513205,5.37248463466074,2.957157955573208,0.473959744009645,-1.4196372660955143,-0.9255675523623836,0.0,-1.0,-1.0
3.04,2.0597898929971254,5.347034111921611,2.9397238122306724,0.5041152895025959,-1.5040204816725478,-0.9428967402088652,0.0,-1.0,-1.0
3.06,2.0695097174868735,5.3179538023467225,2.9209607298850764,0.5349597382819891,-1.589121520001211,-0.9509679753259788,0.0,-1.0,-1.0
3.08,2.079229541976622,5.288873492771833,2.90219764753948,0.5658041870613824,-1.674222558329874,-0.9590392104430924,0.0,-1.0,-1.0
3.1,2.08894936646637,5.259793183196943,2.883434565193884,0.5966486358407755,-1.7593235966585372,-0.967110445560206,0.0,-1.0,-1.0
3.12,2.0986691909561186,5.230712873622053,2.864671482848288,0.6274930846201687,-1.8444246349872002,-0.9751816806773197,0.0,-1.0,-1.0
3.14,2.109393372155723,5.198861504675268,2.8456455850053333,0.6510978571671404,-1.922480633767571,-0.9568105711067184,0.0,-1.0,-1.0
3.16,2.122369874800295,5.160795892932717,2.8260303099272184,0.6584672843702837,-1.9847377699530604,-0.879141147091742,0.0,-1.0,-1.0
3.18,2.1353463774448667,5.122730281190168,2.8064150348491035,0.6658367115734269,-2.0469949061385497,-0.8014717230767654,0.0,-1.0,-1.0
3.2,2.148322880089438,5.084664669447617,2.7867997597709886,0.6732061387765702,-2.109252042324039,-0.723802299061789,0.0,-1.0,-1.0
3.22,2.16129938273401,5.046599057705068,2.7671844846928737,0.6805755659797135,-2.1715091785095284,-0.6461328750468125,0.0,-1.0,-1.0
3.24,2.1742986077004667,5.008341487123786,2.747808689509793,0.6870907761403272,-2.2295093792934573,-0.5695466183089923,0.0,-1.0,-1.0
3.2600000000000002,2.1880532034391216,4.963702522203577,2.7363940575456605,0.6652087745057259,-2.1459939111336963,-0.5289686932335478,0.0,-1.0,-1.0
3.2800000000000002,2.201807799177777,4.919063557283367,2.7249794255815276,0.6433267728711246,-2.062478442973936,-0.48839076815810334,0.0,-1.0,-1.0
3.3000000000000003,2.215562394916432,4.874424592363159,2.7135647936173948,0.6214447712365233,-1.9789629748141753,-0.44781284308265884,0.0,-1.0,-1.0
3.3200000000000003,2.229316990655087,4.829785627442949,2.7021501616532624,0.599562769601922,-1.8954475066544147,-0.40723491800721434,0.0,-1.0,-1.0
3.34,2.2430715863937416,4.785146662522741,2.69073552968913,0.5776807679673213,-1.811932038494656,-0.3666569929317708,0.0,-1.0,-1.0
3.36,2.2550933774095947,4.7471211692616055,2.6825342061501756,0.5525133241543319,-1.7280767640006334,-0.3324051540298703,0.0,-1.0,-1.0
3.38,2.266537585395273,4.711300095777585,2.675403951031498,0.5262507681086211,-1.644108224365055,-0.3002619428187776,0.0,-1.0,-1.0
3.4,2.2779817933809516,4.6754790222935645,2.6682736959128213,0.49998821206291044,-1.560139684729477,-0.26811873160768496,0.0,-1.0,-1.0
3.42,2.2894260013666297,4.6396579488095435,2.6611434407941443,0.47372565601719974,-1.476171145093899,-0.23597552039659223,0.0,-1.0,-1.0
3.44,2.300870209352308,4.6038368753255225,2.654013185675467,0.4474630999714891,-1.3922026054583208,-0.20383230918549952,0.0,-1.0,-1.0
3.46,2.3110089079334424,4.5721898707321795,2.648480766824337,0.42109166744472,-1.307862111262066,-0.1741430792973172,0.0,-1.0,-1.0
3.48,2.31968021201101,4.545234525751835,2.644744318303591,0.39459785759204524,-1.223103539588917,-0.14721212804930411,0.0,-1.0,-1.0
3.5,2.3283515160885777,4.51827918077149,2.641007869782845,0.36810404773937044,-1.1383449679157676,-0.12028117680129106,0.0,-1.0,-1.0
3.52,2.3370228201661454,4.491323835791145,2.6372714212620987,0.3416102378866957,-1.0535863962426184,-0.09335022555327799,0.0,-1.0,-1.0
3.54,2.345694124243713,4.4643684908108,2.633534972741353,0.31511642803402096,-0.9688278245694693,-0.06641927430526492,0.0,-1.0,-1.0
3.56,2.353829425583349,4.43912791719526,2.6303433708728736,0.2886377038709067,-0.8839681408302117,-0.04018356765395571,0.0,-1.0,-1.0
3.58,2.3597034090667846,4.421121715406815,2.6294503980532276,0.26222262404533464,-0.7986818799405261,-0.016880997178445954,0.0,-1.0,-1.0
3.6,2.36557739255022,4.40311551361837,2.6285574252335815,0.23580754421976258,-0.7133956190508404,0.006421573297063797,0.0,-1.0,-1.0
3.62,2.371451376033655,4.3851093118299245,2.627664452413935,0.20939246439419051,-0.6281093581611548,0.029724143772573562,0.0,-1.0,-1.0
3.64,2.3773253595170902,4.367103110041478,2.626771479594289,0.18297738456861845,-0.5428230972714692,0.05302671424808331,0.0,-1.0,-1.0
3.66,2.3831993430005256,4.349096908253033,2.625878506774643,0.1565623047430464,-0.45753683638178344,0.07632928472359307,0.0,-1.0,-1.0
3.68,2.386528590001074,4.339306886805823,2.6272304221637643,0.12758958544387428,-0.3722809559685398,0.06482529538950145,0.0,-1.0,-1.0
3.7,2.389613565516134,4.33030554371116,2.62879782633972,0.09837135608982603,-0.28702799180385874,0.049980193870870285,0.0,-1.0,-1.0
3.72,2.3926985410311943,4.321304200616496,2.6303652305156753,0.06915312673577781,-0.20177502763917762,0.03513509235223911,0.0,-1.0,-1.0
3.74,2.3957835165462544,4.312302857521834,2.6319326346916307,0.039934897381729575,-0.11652206347449656,0.020289990833607947,0.0,-1.0,-1.0
3.7600000000000002,2.398868492061315,4.3033015144271705,2.633500038867586,0.010716668027681342,-0.031269099309815473,0.005444889314976775,0.0,-1.0,-1.0
3.7800000000000002,2.4,4.3,2.6340749316858805,-0.049445214531548605,0.02749669587247857,0.014677471546183157,0.0,-1.0,-1.0
3.8000000000000003,2.4,4.3,2.6340749316858805,-0.12753060382158843,0.0709203157664193,0.03785658180660939,0.0,-1.0,-1.0
3.8200000000000003,2.4,4.3,2.6340749316858805,-0.20561599311162826,0.11434393566036002,0.06103569206703563,0.0,-1.0,-1.0
3.84,2.4,4.3,2.6340749316858805,-0.28370138240166637,0.1577675555542998,0.08421480232746134,0.0,-1.0,-1.0
3.86,2.4,4.3,2.6340749316858805,-0.36178677169170614,0.20119117544824053,0.10739391258788758,0.0,-1.0,-1.0
3.88,2.398821456228652,4.300655393246044,2.6344247742911513,-0.43631868432711307,0.24864297793452486,0.13028984565177054,0.0,-1.0,-1.0
3.9,2.390238453220906,4.305428438031318,2.6369725796474537,-0.4885251019945803,0.3214027193594423,0.1514066559885576,0.0,-1.0,-1.0
3.92,2.381655450213159,4.310201482816592,2.639520385003756,-0.5407315196620476,0.3941624607843598,0.17252346632534465,0.0,-1.0,-1.0
3.94,2.3730724472054128,4.3149745276018665,2.6420681903600585,-0.5929379373295148,0.46692220220927727,0.1936402766621317,0.0,-1.0,-1.0
3.96,2.3644894441976665,4.319747572387141,2.644615995716361,-0.6451443549969822,0.5396819436341947,0.21475708699891877,0.0,-1.0,-1.0
3.98,2.35590644118992,4.324520617172415,2.6471638010726632,-0.6973507726644494,0.6124416850591122,0.23587389733570585,0.0,-1.0,-1.0
4.0,2.3436427900199606,4.334423357127822,2.6512003802738398,-0.7449966711412083,0.68733261636358,0.26239448983478075,0.0,-1.0,-1.0
4.0200000000000005,2.329321353177951,4.34719401945936,2.656069306755138,-0.7900928635243263,0.7634150584578009,0.2919362419281347,0.0,-1.0,-1.0
4.04,2.3149999163359425,4.359964681790899,2.6609382332364366,-0.8351890559074422,0.8394975005520184,0.32147799402148736,0.0,-1.0,-1.0
4.0600000000000005,2.300678479493933,4.372735344122438,2.6658071597177355,-0.8802852482905602,0.9155799426462394,0.35101974611484127,0.0,-1.0,-1.0
4.08,2.2863570426519244,4.3855060064539755,2.670676086199034,-0.9253814406736761,0.9916623847404569,0.38056149820819385,0.0,-1.0,-1.0
4.1,2.2713144056172054,4.399493416120501,2.6760174587157253,-0.9686584787736437,1.067984058273035,0.41286537722496375,0.0,-1.0,-1.0
4.12,2.252036077884577,4.420626921171642,2.6841335604928984,-1.0012514170174667,1.1457107652323315,0.46139154158526785,0.0,-1.0,-1.0
4.14,2.2327577501519498,4.44176042622278,2.692249662270071,-1.033844355261288,1.2234374721916246,0.5099177059455697,0.0,-1.0,-1.0
4.16,2.2134794224193217,4.4628939312739195,2.7003657640472443,-1.0664372935051107,1.301164179150921,0.5584438703058738,0.0,-1.0,-1.0
4.18,2.194201094686694,4.484027436325058,2.708481865824417,-1.0990302317489322,1.3788908861102138,0.6069700346661757,0.0,-1.0,-1.0
4.2,2.174922766954066,4.505160941376198,2.71659796760159,-1.131623169992755,1.4566175930695102,0.6554961990264798,0.0,-1.0,-1.0
4.22,2.1533172608639677,4.531844234816465,2.728178900889981,-1.1433626846954972,1.5369239180883865,0.7112912586644246,0.0,-1.0,-1.0
4.24,2.130456377040866,4.561521317170343,2.7416289097968454,-1.1438529870264005,1.6186217974164816,0.7710074656634168,0.0,-1.0,-1.0
4.26,2.1075954932177656,4.59119839952422,2.7550789187037097,-1.144343289357304,1.7003196767445732,0.8307236726624065,0.0,-1.0,-1.0
4.28,2.0847346093946637,4.620875481878098,2.768528927610574,-1.1448335916882075,1.7820175560726683,0.8904398796613989,0.0,-1.0,-1.0
4.3,2.061873725571563,4.650552564231975,2.7819789365174383,-1.1453238940191108,1.86371543540076,0.9501560866603886,0.0,-1.0,-1.0
4.32,2.0390045595821475,4.6816096837210655,2.7964376690767456,-1.1347932777457428,1.9406336145907557,1.0061813795547625,0.0,-1.0,-1.0
4.34,2.016089782624632,4.720266847372801,2.8164515741099354,-1.0635690279691954,1.9912293628788043,1.0418803279763054,0.0,-1.0,-1.0
4.36,1.9931750056671156,4.758924011024538,2.836465479143126,-0.9923447781926447,2.041825111166855,1.0775792763978498,0.0,-1.0,-1.0
4.38,1.9702602287096003,4.7975811746762735,2.856479384176316,-0.9211205284160973,2.092420859454904,1.1132782248193926,0.0,-1.0,-1.0
4.4,1.9473454517520838,4.83623833832801,2.8764932892095065,-0.8498962786395465,2.1430166077429544,1.148977173240937,0.0,-1.0,-1.0
4.42,1.9244306747945685,4.874895501979745,2.8965071942426963,-0.7786720288629991,2.1936123560310032,1.18467612166248,0.0,-1.0,-1.0
4.44,1.9066654665512917,4.917210777626696,2.9191021610420633,-0.6948268458128547,2.2074418432522247,1.2013618766841094,0.0,-1.0,-1.0
4.46,1.8915795287097077,4.961429333283823,2.9430400291170127,-0.6044151142150345,2.202142203254532,1.2081552525289794,0.0,-1.0,-1.0
4.48,1.8764935908681228,5.005647888940952,2.9669778971919625,-0.5140033826172101,2.1968425632568396,1.2149486283738498,0.0,-1.0,-1.0
4.5,1.8614076530265387,5.049866444598079,2.990915765266912,-0.42359165101938984,2.191542923259147,1.2217420042187197,0.0,-1.0,-1.0
4.5200000000000005,1.8463217151849538,5.094085000255207,3.0148536333418616,-0.3331799194215655,2.186243283261454,1.22853538006359,0.0,-1.0,-1.0
4.54,1.832844331378151,5.138209267735894,3.0389123652906904,-0.2436125953224639,2.1774779521231733,1.2303977660338312,0.0,-1.0,-1.0
4.5600000000000005,1.8276962855198833,5.181845296668706,3.0635969487990833,-0.15841774194614747,2.150766744060011,1.2067267349111397,0.0,-1.0,-1.0
4.58,1.822548239661616,5.225481325601515,3.0882815323074753,-0.0732228885698348,2.12405553599685,1.1830557037884495,0.0,-1.0,-1.0
4.6000000000000005,1.8174001938033484,5.269117354534327,3.112966115815868,0.01197196480648166,2.097344327933687,1.159384672665758,0.0,-1.0,-1.0
4.62,1.8122521479450808,5.312753383467136,3.13765069932426,0.09716681818279432,2.070633119870526,1.1357136415430675,0.0,-1.0,-1.0
4.64,1.8071041020868135,5.356389412399946,3.162335282832652,0.18236167155910693,2.043921911807365,1.112042610420377,0.0,-1.0,-1.0
4.66,1.8081923408958371,5.39807017419293,3.1852871409169237,0.2640325092864019,2.01478938556205,1.0737561224415781,0.0,-1.0,-1.0
4.68,1.8124087573194614,5.4387701560466235,3.207369848028595,0.34393566842701967,1.9844423038980326,1.028138387189187,0.0,-1.0,-1.0
4.7,1.8166251737430859,5.479470137900319,3.229452555140267,0.423838827567641,1.954095222234014,0.9825206519367934,0.0,-1.0,-1.0
4.72,1.82084159016671,5.520170119754011,3.2515352622519376,0.5037419867082588,1.9237481405699968,0.9369029166844021,0.0,-1.0,-1.0
4.74,1.8250580065903346,5.560870101607707,3.2736179693636096,0.5836451458488802,1.8934010589059782,0.8912851814320086,0.0,-1.0,-1.0
4.76,1.830767885214046,5.601002869100471,3.2948480398087736,0.6633023155686012,1.8629432813438564,0.8450402860806808,0.0,-1.0,-1.0
4.78,1.8437671105788547,5.638367155306533,3.311916528992639,0.7417588508273716,1.831945215059291,0.7957343240193536,0.0,-1.0,-1.0
4.8,1.8567663359436626,5.675731441512593,3.3289850181765037,0.8202153860861386,1.800947148774727,0.7464283619580284,0.0,-1.0,-1.0
4.82,1.8697655613084712,5.713095727718654,3.346053507360369,0.898671921344909,1.7699490824901616,0.6971223998967011,0.0,-1.0,-1.0
4.84,1.882764786673279,5.750460013924714,3.363121996544234,0.977128456603676,1.7389510162055974,0.647816437835376,0.0,-1.0,-1.0
4.86,1.8957640120380876,5.787824300130775,3.380190485728099,1.0555849918624465,1.707952949921032,0.5985104757740487,0.0,-1.0,-1.0
4.88,1.9145768449941836,5.822891638187484,3.3936054167425893,1.1340665602770925,1.678946621767314,0.547083437161778,0.0,-1.0,-1.0
4.9,1.936199869052012,5.856848673708445,3.405254284861363,1.2125602292593833,1.65090306323373,0.4946311091133052,0.0,-1.0,-1.0
4.92,1.9578228931098394,5.890805709229406,3.416903152980136,1.2910538982416708,1.6228595047001475,0.44217878106483466,0.0,-1.0,-1.0
4.94,1.9794459171676677,5.9247627447503675,3.42855202109891,1.3695475672239619,1.5948159461665639,0.38972645301636183,0.0,-1.0,-1.0
4.96,2.001068941225495,5.958719780271329,3.440200889217683,1.4480412362062491,1.5667723876329813,0.33727412496789133,0.0,-1.0,-1.0
4.98,2.028873094213112,5.990468473983408,3.447719301892868,1.5244758720117368,1.5327131894605706,0.286797266477617,0.0,-1.0,-1.0
5.0,2.0581332043360305,6.0216969955634445,3.454264790989939,1.6004255051454366,1.497237014946938,0.23678572735400172,0.0,-1.0,-1.0
5.0200000000000005,2.08739331445895,6.052925517143483,3.4608102800870113,1.6763751382791394,1.4617608404333038,0.18677418823038425,0.0,-1.0,-1.0
5.04,2.1166534245818687,6.084154038723519,3.4673557691840826,1.7523247714128392,1.426284665919671,0.13676264910676897,0.0,-1.0,-1.0
5.0600000000000005,2.1459135347047886,6.115382560303558,3.473901258281155,1.828274404546542,1.3908084914060368,0.08675110998315147,0.0,-1.0,-1.0
5.08,2.182153667643615,6.143350703955365,3.4758505213039412,1.896188505664547,1.3413039158649458,0.03715510912907013,0.0,-1.0,-1.0
5.1000000000000005,2.218803340420118,6.171127551005041,3.4775301093227884,1.963631136908583,1.2909762500229827,-0.01241651079103355,0.0,-1.0,-1.0
5.12,2.25545301319662,6.198904398054717,3.479209697341635,2.031073768152616,1.2406485841810218,-0.06198813071113504,0.0,-1.0,-1.0
5.14,2.2921026859731213,6.226681245104392,3.4808892853604823,2.098516399396649,1.1903209183390608,-0.11155975063123652,0.0,-1.0,-1.0
5.16,2.3292759974560133,6.254067337621647,3.482183988945704,2.1637799738291483,1.1375517432202968,-0.1581204862784556,0.0,-1.0,-1.0
5.18,2.372487539309919,6.2769475258646485,3.4790404780748654,2.2039162097760454,1.056628813830835,-0.1699618388122125,0.0,-1.0,-1.0
5.2,2.4156990811638264,6.299827714107651,3.4758969672040263,2.2440524457229443,0.9757058844413696,-0.18180319134596995,0.0,-1.0,-1.0
5.22,2.458910623017732,6.322707902350652,3.4727534563331877,2.284188681669842,0.8947829550519077,-0.19364454387972685,0.0,-1.0,-1.0
5.24,2.5021221648716394,6.3455880905936555,3.469609945462349,2.3243249176167406,0.8138600256624423,-0.2054858964134843,0.0,-1.0,-1.0
5.26,2.546173383845023,6.366775316588295,3.466218705511997,2.346230534705125,0.7335002116981661,-0.2116407421873912,0.0,-1.0,-1.0
5.28,2.5932900035508077,6.3817820624963995,3.461923083526976,2.3015818166750934,0.655196157497667,-0.19703591548471233,0.0,-1.0,-1.0
5.3,2.6404066232565904,6.396788808404503,3.4576274615419558,2.2569330986450638,0.5768921032971713,-0.18243108878203407,0.0,-1.0,-1.0
5.32,2.687523242962375,6.411795554312607,3.453331839556935,2.2122843806150323,0.49858804909667226,-0.1678262620793552,0.0,-1.0,-1.0
5.34,2.734639862668158,6.426802300220711,3.4490362175719147,2.1676356625850026,0.42028399489617657,-0.15322143537667696,0.0,-1.0,-1.0
5.36,2.78023498179205,6.439140667969548,3.445238286300245,2.110438501732751,0.35506897429050277,-0.1393484381159788,0.0,-1.0,-1.0
5.38,2.8230074791410567,6.446528776490352,3.442363649216813,2.02996201494898,0.3141361601306426,-0.12683309904024637,0.0,-1.0,-1.0
5.4,2.8657799764900647,6.453916885011156,3.4394890121333805,1.949485528165205,0.27320334597078066,-0.1143177599645134,0.0,-1.0,-1.0
5.42,2.9085524738390713,6.46130499353196,3.4366143750499485,1.869009041381434,0.2322705318109205,-0.101802420888781,0.0,-1.0,-1.0
5.44,2.9513249711880793,6.4686931020527645,3.433739737966516,1.7885325545976591,0.19133771765105853,-0.08928708181304804,0.0,-1.0,-1.0
5.46,2.990296274011244,6.474147806229889,3.4314562454556787,1.7043001543164706,0.16062258449821887,-0.0779528200263428,0.0,-1.0,-1.0
5.48,3.0252387659120097,6.477553333369566,3.4297992953894854,1.6160869355796286,0.14073696942524344,-0.06787035870653854,0.0,-1.0,-1.0
5.5,3.060181257812774,6.480958860509243,3.428142345323292,1.5278737168427903,0.12085135435226887,-0.057787897386734725,0.0,-1.0,-1.0
5.5200000000000005,3.0951237497135398,6.484364387648919,3.426485395257099,1.4396604981059482,0.10096573927929345,-0.047705436066930465,0.0,-1.0,-1.0
5.54,3.130066241614304,6.487769914788595,3.4248284451909057,1.3514472793691101,0.0810801242063189,-0.03762297474712665,0.0,-1.0,-1.0
5.5600000000000005,3.1596815311323927,6.4899745482582,3.423780375661385,1.2621266600294663,0.06773881115751264,-0.028241593316295853,0.0,-1.0,-1.0
5.58,3.1860412678593097,6.491445293195202,3.4231044043906236,1.1721292875153801,0.05839684320404839,-0.019288654889020842,0.0,-1.0,-1.0
5.6000000000000005,3.2124010045862277,6.492916038132203,3.4224284331198627,1.0821319150012898,0.04905487525058374,-0.010335716461745435,0.0,-1.0,-1.0
5.62,3.2387607413131443,6.4943867830692055,3.4217524618491018,0.9921345424872037,0.0397129072971195,-0.0013827780344704277,0.0,-1.0,-1.0
5.64,3.265120478040061,6.495857528006207,3.4210764905783404,0.9021371699731173,0.030370939343655257,0.00757016039280458,0.0,-1.0,-1.0
5.66,3.2848612199357934,6.496641203578073,3.4210589768993804,0.8117721871493861,0.025403297589252225,0.015177368166268943,0.0,-1.0,-1.0
5.68,3.3024646112346825,6.497203016441916,3.421254086853272,0.7212884986709854,0.021848176761485618,0.022350023822761973,0.0,-1.0,-1.0
5.7,3.3200680025335725,6.497764829305758,3.4214491968071634,0.6308048101925807,0.018293055933718848,0.029522679479255326,0.0,-1.0,-1.0
5.72,3.3376713938324616,6.498326642169601,3.4216443067610545,0.5403211217141801,0.01473793510595224,0.03669533513574835,0.0,-1.0,-1.0
5.74,3.3552747851313516,6.498888455033443,3.421839416714946,0.44983743323577535,0.011182814278185474,0.04386799079224171,0.0,-1.0,-1.0
5.76,3.3650329692679684,6.499142028259294,3.422656417425891,0.3593897609874231,0.008818199668974222,0.036470097300221195,0.0,-1.0,-1.0
5.78,3.3738326987511207,6.499357943624835,3.4235493949820253,0.2689464888680343,0.006599030068613653,0.02729210924268184,0.0,-1.0,-1.0
5.8,3.382632428234273,6.499573858990376,3.4244423725381594,0.17850321674864944,0.004379860468253182,0.018114121185142888,0.0,-1.0,-1.0
5.82,3.3914321577174253,6.499789774355918,3.4253353500942936,0.08805994462926064,0.0021606908678926135,0.00893613312760353,0.0,-1.0,-1.0
