0.0,7.8,2.0,3.7699111843077517,7.617291473820382e-17,9.147855063984874e-17,-7.730964343815914e-17,2.0,-1.0,-1.0
0.02,7.8,2.0,3.7699111843077517,-0.07684656255536564,-0.03558101720350124,-0.05010364704111246,0.0,-1.0,-1.0
0.04,7.8,2.0,3.7699111843077517,-0.15369312511073133,-0.07116203440700257,-0.10020729408222485,0.0,-1.0,-1.0
0.06,7.8,1.9999999999999998,3.7699111843077513,-0.230539687666097,-0.10674305161050389,-0.15031094112333723,0.0,-1.0,-1.0
0.08,7.8,1.9999999999999998,3.7699111843077513,-0.30738625022146276,-0.14232406881400525,-0.20041458816444963,0.0,-1.0,-1.0
0.1,7.8,1.9999999999999998,3.7699111843077513,-0.38423281277682847,-0.17790508601750657,-0.250518235205562,0.0,-1.0,-1.0
0.12,7.795554275432439,1.99794156827502,3.7670125899247036,-0.46141537791551157,-0.21322211486220694,-0.2997355745443646,0.0,-1.0,-1.0
0.14,7.787145239188987,1.9940480686402628,3.7615299324069684,-0.5388974854440469,-0.24830380115951484,-0.348162780888733,0.0,-1.0,-1.0
0.16,7.7787362029455345,1.990154569005506,3.7560472748892337,-0.6163795929725822,-0.28338548745682274,-0.3965899872331013,0.0,-1.0,-1.0
0.18,7.770327166702082,1.9862610693707492,3.750564617371499,-0.6938617005011174,-0.3184671737541306,-0.4450171935774696,0.0,-1.0,-1.0
0.2,7.76191813045863,1.9823675697359924,3.745081959853764,-0.7713438080296529,-0.3535488600514385,-0.493444399921838,0.0,-1.0,-1.0
0.22,7.753022691618853,1.9782538408916464,3.739295295131651,-0.8488755384699237,-0.38858069783711174,-0.5417598946949783,0.0,-1.0,-1.0
0.24,7.736135073786828,1.9705214815637082,3.728513426825752,-0.9272226329639713,-0.42279346469164303,-0.5882398341493218,0.0,-1.0,-1.0
0.26,7.719247455954804,1.96278912223577,3.7177315585198527,-1.005569727458019,-0.45700623154617437,-0.6347197736036653,0.0,-1.0,-1.0
0.28,7.70235983812278,1.9550567629078321,3.706949690213954,-1.0839168219520667,-0.4912189984007057,-0.6811997130580087,0.0,-1.0,-1.0
0.3,7.685472220290754,1.947324403579894,3.696167821908055,-1.1622639164461144,-0.5254317652552369,-0.7276796525123521,0.0,-1.0,-1.0
0.32,7.66858460245873,1.9395920442519559,3.6853859536021556,-1.240611010940162,-0.5596445321097683,-0.7741595919666956,0.0,-1.0,-1.0
0.34,7.646672618690747,1.9296656346983314,3.671623346495261,-1.3197389525069747,-0.5930087585561875,-0.8188238328596273,0.0,-1.0,-1.0
0.36,7.621211766933053,1.9181894983308152,3.655755349643395,-1.39941843096754,-0.625773634172928,-0.8622055886418621,0.0,-1.0,-1.0
0.38,7.595750915175359,1.906713361963299,3.6398873527915296,-1.4790979094281054,-0.6585385097896685,-0.905587344424097,0.0,-1.0,-1.0
0.4,7.570290063417665,1.8952372255957828,3.624019355939664,-1.5587773878886708,-0.691303385406409,-0.9489691002063319,0.0,-1.0,-1.0
0.42,7.5448292116599704,1.8837610892282666,3.608151359087799,-1.638456866349236,-0.7240682610231495,-0.9923508559885666,0.0,-1.0,-1.0
0.44,7.518367966226025,1.871873582517938,3.5917386945876464,-1.7184046699196192,-0.7565214438277951,-1.0350060497598428,0.0,-1.0,-1.0
0.46,7.484188082673596,1.8568121065150966,3.571123592015588,-1.8004227628870197,-0.786569729362689,-1.07205538119276,0.0,-1.0,-1.0
0.48,7.450008199121166,1.841750630512255,3.5505084894435304,-1.88244085585442,-0.8166180148975829,-1.1091047126256772,0.0,-1.0,-1.0
0.5,7.415828315568736,1.8266891545094137,3.529893386871472,-1.9644589488218205,-0.8466663004324768,-1.1461540440585944,0.0,-1.0,-1.0
0.52,7.3816484320163065,1.8116276785065721,3.509278284299414,-2.046477041789221,-0.8767145859673708,-1.1832033754915117,0.0,-1.0,-1.0
0.54,7.347468548463877,1.7965662025037308,3.4886631817273557,-2.1284951347566214,-0.9067628715022648,-1.2202527069244289,0.0,-1.0,-1.0
0.56,7.307514001648302,1.779389111222432,3.4654395399243674,-2.213590442949287,-0.9318876706991298,-1.2465878554010006,0.0,-1.0,-1.0
0.58,7.2643591803309135,1.7610395620292567,3.4407702655005115,-2.3003911204376593,-0.954283911178434,-1.266985285094588,0.0,-1.0,-1.0
0.6,7.221204359013523,1.7426900128360812,3.416100991076655,-2.3871917979260315,-0.9766801516577382,-1.2873827147881753,0.0,-1.0,-1.0
0.62,7.1780495376961335,1.7243404636429056,3.391431716652799,-2.4739924754144043,-0.9990763921370425,-1.3077801444817627,0.0,-1.0,-1.0
0.64,7.134894716378744,1.70599091444973,3.366762442228943,-2.560793152902777,-1.0214726326163468,-1.3281775741753503,0.0,-1.0,-1.0
0.66,7.090105192176774,1.6872195805427674,3.3417090263660767,-2.6415715727831217,-1.0382924553633053,-1.3233121707581086,0.0,-1.0,-1.0
0.68,7.037452092488939,1.6664192932602795,3.3148077363534796,-2.693380521976926,-1.0282874757607672,-1.196922423664902,0.0,-1.0,-1.0
0.7000000000000001,6.984798992801105,1.6456190059777913,3.2879064463408825,-2.74518947117073,-1.0182824961582289,-1.0705326765716958,0.0,-1.0,-1.0
0.72,6.932145893113271,1.6248187186953036,3.261005156328286,-2.7969984203645337,-1.0082775165556908,-0.9441429294784902,0.0,-1.0,-1.0
0.74,6.8794927934254355,1.6040184314128154,3.2341038663156887,-2.8488073695583376,-0.9982725369531525,-0.8177531823852839,0.0,-1.0,-1.0
0.76,6.826839693737601,1.5832181441303275,3.2072025763030916,-2.900616318752142,-0.9882675573506143,-0.6913634352920776,0.0,-1.0,-1.0
0.78,6.770213635167989,1.563185086701953,3.1899934587073253,-2.9426229321540216,-0.9308734929502928,-0.6244427546052493,0.0,-1.0,-1.0
0.8,6.711891273030108,1.543479607478625,3.1769225331100626,-2.9804443179519895,-0.8532460770274495,-0.5829131218876092,0.0,-1.0,-1.0
0.8200000000000001,6.653568910892227,1.5237741282552968,3.1638516075128003,-3.018265703749958,-0.7756186611046061,-0.5413834891699691,0.0,-1.0,-1.0
0.84,6.595246548754346,1.5040686490319688,3.150780681915538,-3.0560870895479257,-0.6979912451817631,-0.49985385645232927,0.0,-1.0,-1.0
0.86,6.536924186616465,1.4843631698086408,3.1377097563182756,-3.0939084753458936,-0.6203638292589198,-0.4583242237346892,0.0,-1.0,-1.0
0.88,6.47765211256005,1.4666069497294492,3.1256816583786398,-3.1263077451807453,-0.5400449111858907,-0.42424889716711456,0.0,-1.0,-1.0
0.9,6.4151910955055556,1.4553959526571847,3.1171551674969917,-3.140500632218948,-0.45068846629166937,-0.41520364228644174,0.0,-1.0,-1.0
0.92,6.352730078451061,1.4441849555849202,3.108628676615344,-3.154693519257151,-0.361332021397448,-0.40615838740576893,0.0,-1.0,-1.0
0.9400000000000001,6.290269061396566,1.4329739585126555,3.1001021857336966,-3.168886406295354,-0.2719755765032266,-0.39711313252509606,0.0,-1.0,-1.0
0.96,6.227808044342072,1.421762961440391,3.091575694852049,-3.1830792933335568,-0.18261913160900572,-0.3880678776444233,0.0,-1.0,-1.0
0.98,6.165347027287577,1.4105519643681264,3.083049203970401,-3.1972721803717596,-0.09326268671478438,-0.3790226227637505,0.0,-1.0,-1.0
1.0,6.101708534100251,1.406754193434769,3.0752731292448776,-3.1996831561760644,-0.003029068407589444,-0.3708014047964033,0.0,-1.0,-1.0
1.02,6.037694441702702,1.4053211429448529,3.067736427282605,-3.1983358591534565,0.08748435654022796,-0.36284304363371556,0.0,-1.0,-1.0
1.04,5.9736803493051545,1.4038880924549368,3.0601997253203326,-3.196988562130849,0.17799778148804535,-0.3548846824710279,0.0,-1.0,-1.0
1.06,5.909666256907606,1.4024550419650208,3.05266302335806,-3.1956412651082413,0.2685112064358628,-0.3469263213083402,0.0,-1.0,-1.0
1.08,5.845652164510057,1.401021991475105,3.045126321395787,-3.1942939680856335,0.3590246313836801,-0.33896796014565256,0.0,-1.0,-1.0
1.1,5.78168036115129,1.402429981730213,3.0378394169451743,-3.19019149223017,0.4487302181946847,-0.3245021337619717,0.0,-1.0,-1.0
1.12,5.717813698503629,1.4109014818883294,3.0311735691268704,-3.179238979815209,0.5364273253000043,-0.29385718530393323,0.0,-1.0,-1.0
1.1400000000000001,5.653947035855968,1.419372982046446,3.0245077213085665,-3.1682864674002484,0.6241244324053239,-0.2632122368458948,0.0,-1.0,-1.0
1.16,5.590080373208306,1.4278444822045624,3.017841873490263,-3.1573339549852877,0.7118215395106425,-0.23256728838785667,0.0,-1.0,-1.0
1.18,5.526213710560645,1.4363159823626788,3.011176025671959,-3.146381442570327,0.7995186466159622,-0.2019223399298182,0.0,-1.0,-1.0
1.2,5.462347047912984,1.4447874825207951,3.0045101778536547,-3.1354289301553657,0.8872157537212817,-0.17127739147177976,0.0,-1.0,-1.0
1.22,5.398480385265323,1.4532589826789117,2.997844330035351,-3.124476417740405,0.9749128608266013,-0.1406324430137413,0.0,-1.0,-1.0
1.24,5.334794802316898,1.463180393613388,2.9916851402184186,-3.111122768234386,1.0622133134315566,-0.11169534118359524,0.0,-1.0,-1.0
1.26,5.2724990745624085,1.4842304182564816,2.989414742230317,-3.079339483206306,1.1464692926921447,-0.09586660829949849,0.0,-1.0,-1.0
1.28,5.210203346807918,1.5052804428995752,2.9871443442422145,-3.0475561981782264,1.2307252719527326,-0.08003787541540174,0.0,-1.0,-1.0
1.3,5.147907619053429,1.5263304675426688,2.9848739462541127,-3.0157729131501467,1.3149812512133208,-0.064209142531305,0.0,-1.0,-1.0
1.32,5.085611891298939,1.5473804921857623,2.982603548266011,-2.983989628122067,1.3992372304739087,-0.048380409647208245,0.0,-1.0,-1.0
1.34,5.023316163544449,1.5684305168288557,2.980333150277909,-2.9522063430939878,1.4834932097344968,-0.03255167676311149,0.0,-1.0,-1.0
1.36,4.96102043578996,1.5894805414719493,2.9780627522898073,-2.920423058065908,1.5677491889950848,-0.01672294387901474,0.0,-1.0,-1.0
1.3800000000000001,4.89872470803547,1.6105305661150429,2.9757923543017055,-2.8886397730378284,1.652005168255673,-0.0008942109949179877,0.0,-1.0,-1.0
1.4000000000000001,4.840731026925047,1.6429851121123766,2.9756644644626578,-2.8704089220563618,1.6831761389479487,-2.906440119424092e-06,0.0,-1.0,-1.0
1.42,4.782994022281792,1.6761200952349062,2.9756644048095833,-2.8529866608416774,1.7111798561011007,-2.8256793321788e-06,0.0,-1.0,-1.0
1.44,4.725257017638537,1.709255078357436,2.9756643451565092,-2.8355643996269926,1.739183573254253,-2.7449185449335075e-06,0.0,-1.0,-1.0
1.46,4.667520012995282,1.742390061479966,2.9756642855034348,-2.818142138412308,1.7671872904074053,-2.6641577576882145e-06,0.0,-1.0,-1.0
1.48,4.609783008352027,1.7755250446024957,2.9756642258503603,-2.800719877197624,1.7951910075605575,-2.583396970442922e-06,0.0,-1.0,-1.0
1.5,4.552046003708771,1.8086600277250255,2.9756641661972862,-2.783297615982939,1.82319472471371,-2.502636183197629e-06,0.0,-1.0,-1.0
1.52,4.494308999065516,1.8417950108475556,2.9756641065442118,-2.7658753547682546,1.851198441866862,-2.4218753959523364e-06,0.0,-1.0,-1.0
1.54,4.438501451227109,1.8780313114142608,2.975664055835123,-2.7619055138670014,1.8575794126075456,-2.4034767128659186e-06,0.0,-1.0,-1.0
1.56,4.383263347020678,1.9151829086929164,2.975664007765687,-2.761905907004118,1.8575788280734427,-2.403483056002829e-06,0.0,-1.0,-1.0
1.58,4.328025242814248,1.952334505971572,2.9756639596962504,-2.7619063001412343,1.8575782435393395,-2.403489399139739e-06,0.0,-1.0,-1.0
1.6,4.272787138607819,1.9894861032502278,2.975663911626814,-2.761906693278351,1.8575776590052364,-2.4034957422766494e-06,0.0,-1.0,-1.0
1.62,4.217549034401388,2.0266377005288834,2.975663863557378,-2.7619070864154676,1.8575770744711335,-2.4035020854135594e-06,0.0,-1.0,-1.0
1.6400000000000001,4.162310930194959,2.063789297807539,2.9756638154879416,-2.761907479552584,1.8575764899370304,-2.40350842855047e-06,0.0,-1.0,-1.0
1.6600000000000001,4.107072825988529,2.1009408950861945,2.975663767418505,-2.7619078726897004,1.8575759054029273,-2.4035147716873798e-06,0.0,-1.0,-1.0
1.68,4.051834687918199,2.138092442014466,2.9756637193485225,-2.743091001166893,1.8370820728634916,-0.06628861704918446,0.0,-1.0,-1.0
1.7,3.99659652732354,2.175243955452544,2.9756636712781765,-2.7117579622146364,1.80295730469959,-0.17666462587400764,0.0,-1.0,-1.0
1.72,3.941358366728881,2.212395468890622,2.9756636232078306,-2.68042492326238,1.768832536535688,-0.28704063469883084,0.0,-1.0,-1.0
1.74,3.886120206134222,2.2495469823287007,2.9756635751374843,-2.649091884310123,1.7347077683717864,-0.397416643523654,0.0,-1.0,-1.0
1.76,3.830882045539563,2.2866984957667786,2.9756635270671383,-2.6177588453578666,1.7005830002078848,-0.5077926523484771,0.0,-1.0,-1.0
1.78,3.775643884944904,2.323850009204857,2.9756634789967924,-2.58642580640561,1.666458232043983,-0.6181686611733004,0.0,-1.0,-1.0
1.8,3.720405724350245,2.361001522642935,2.975663430926446,-2.5550927674533535,1.6323334638800813,-0.7285446699981235,0.0,-1.0,-1.0
1.82,3.6670954430447305,2.3960533854888673,2.96887209709044,-2.507521815851606,1.597699585934687,-0.8233542000700709,0.0,-1.0,-1.0
1.84,3.6163514261072955,2.4283103334610403,2.953040656453143,-2.4383360375960192,1.5623880149931375,-0.8974426715234022,0.0,-1.0,-1.0
1.86,3.5656074091698606,2.460567281433213,2.937209215815846,-2.369150259340433,1.527076444051588,-0.9715311429767335,0.0,-1.0,-1.0
1.8800000000000001,3.5148633922324257,2.492824229405386,2.921377775178549,-2.2999644810848463,1.4917648731100386,-1.0456196144300647,0.0,-1.0,-1.0
1.9000000000000001,3.464119375294991,2.525081177377559,2.905546334541252,-2.23077870282926,1.4564533021684891,-1.119708085883396,0.0,-1.0,-1.0
1.92,3.4133753583575563,2.557338125349731,2.8897148939039554,-2.1615929245736742,1.4211417312269403,-1.1937965573367264,0.0,-1.0,-1.0
1.94,3.3626313414201214,2.589595073321904,2.8738834532666586,-2.0924071463180876,1.3858301602853909,-1.2678850287900576,0.0,-1.0,-1.0
1.96,3.314441638729954,2.6205483306943216,2.855316692698545,-2.022112180530534,1.347235553783245,-1.3141654853683096,0.0,-1.0,-1.0
1.98,3.273621039274895,2.647740488340455,2.8288586341146127,-1.9486172492575644,1.2991695096941025,-1.2802208355027747,0.0,-1.0,-1.0
2.0,3.232800439819836,2.6749326459865883,2.80240057553068,-1.8751223179845946,1.2511034656049598,-1.2462761856372395,0.0,-1.0,-1.0
2.02,3.1919798403647768,2.7021248036327217,2.7759425169467473,-1.801627386711625,1.2030374215158173,-1.2123315357717044,0.0,-1.0,-1.0
2.04,3.1511592409097178,2.729316961278855,2.749484458362815,-1.7281324554386555,1.1549713774266748,-1.1783868859061695,0.0,-1.0,-1.0
2.06,3.1103386414546588,2.756509118924989,2.7230263997788824,-1.6546375241656857,1.1069053333375323,-1.1444422360406343,0.0,-1.0,-1.0
2.08,3.0695180419995998,2.783701276571122,2.6965683411949497,-1.581142592892716,1.0588392892483898,-1.1104975861750992,0.0,-1.0,-1.0
2.1,3.0296022126187383,2.810301710168761,2.670528163175645,-1.5078212863085805,1.0108588517190642,-1.075495748180091,0.0,-1.0,-1.0
2.12,2.999323098773133,2.8305996847292025,2.6489388354263412,-1.4363492581034576,0.9637902105548438,-1.0292337883469265,0.0,-1.0,-1.0
2.14,2.969043984927528,2.850897659289644,2.627349507677037,-1.3648772298983345,0.9167215693906233,-0.982971828513762,0.0,-1.0,-1.0
2.16,2.9387648710819234,2.8711956338500855,2.6057601799277332,-1.2934052016932116,0.8696529282264029,-0.9367098686805974,0.0,-1.0,-1.0
2.18,2.9084857572363183,2.891493608410527,2.584170852178429,-1.2219331734880885,0.8225842870621825,-0.8904479088474329,0.0,-1.0,-1.0
2.2,2.878206643390713,2.9117915829709684,2.562581524429125,-1.1504611452829656,0.775515645897962,-0.8441859490142682,0.0,-1.0,-1.0
2.22,2.847927529545108,2.93208955753141,2.540992196679821,-1.0789891170778425,0.7284470047337415,-0.7979239891811036,0.0,-1.0,-1.0
2.24,2.817648415699503,2.9523875320918513,2.519402868930517,-1.0075170888727194,0.681378363569521,-0.7516620293479391,0.0,-1.0,-1.0
2.2600000000000002,2.796741651396269,2.9665132492174395,2.5038800159820847,-0.9372085694124114,0.634295292537391,-0.7008912964935003,0.0,-1.0,-1.0
2.2800000000000002,2.7767138752110028,2.9800600996541844,2.4889261088720263,-0.8670091699072671,0.5872108681965332,-0.6496977072470332,0.0,-1.0,-1.0
2.3000000000000003,2.7566860990257367,2.9936069500909293,2.4739722017619683,-0.7968097704021229,0.5401264438556754,-0.5985041180005661,0.0,-1.0,-1.0
2.32,2.736658322840471,3.0071538005276737,2.4590182946519104,-0.7266103708969802,0.49304201951481863,-0.5473105287541002,0.0,-1.0,-1.0
2.34,2.716630546655205,3.0207006509644185,2.444064387541852,-0.656410971391836,0.44595759517396083,-0.4961169395076331,0.0,-1.0,-1.0
2.36,2.696602770469939,3.0342475014011634,2.429110480431794,-0.5862115718866917,0.39887317083310303,-0.444923350261166,0.0,-1.0,-1.0
2.38,2.676574994284673,3.0477943518379083,2.4141565733217356,-0.5160121723815474,0.3517887464922452,-0.39372976101469886,0.0,-1.0,-1.0
2.4,2.664025147046232,3.056325575613978,2.404656018029759,-0.44638146426785585,0.30449681739115875,-0.34114659158035815,0.0,-1.0,-1.0
2.42,2.6540661735233844,3.0631190381228883,2.3970448823869677,-0.3769477903315247,0.25713299423585495,-0.2880819751023145,0.0,-1.0,-1.0
2.44,2.644107200000536,3.069912500631798,2.3894337467441766,-0.30751411639519355,0.20976917108055118,-0.23501735862427078,0.0,-1.0,-1.0
2.46,2.634148226477688,3.076705963140708,2.381822611101385,-0.2380804424588624,0.16240534792524738,-0.18195274214622711,0.0,-1.0,-1.0
2.48,2.62418925295484,3.083499425649618,2.374211475458594,-0.16864676852253124,0.11504152476994359,-0.12888812566818342,0.0,-1.0,-1.0
2.5,2.614230279431992,3.090292888158528,2.366600339815803,-0.09921309458620009,0.06767770161463982,-0.07582350919013975,0.0,-1.0,-1.0
2.52,2.6042713059091436,3.0970863506674378,2.3589892041730116,-0.029779420649868937,0.02031387845933602,-0.02275889271209608,0.0,-1.0,-1.0
2.54,2.6,3.1,2.355724862865972,0.033073673354994886,-0.03310475255450173,0.035275677550255555,0.0,-1.0,-1.0
2.56,2.6,3.1,2.355724862865972,0.09098490509646931,-0.09107040325046205,0.09704256735180393,0.0,-1.0,-1.0
2.58,2.6,3.1,2.355724862865972,0.14889613683794373,-0.14903605394642233,0.15880945715335232,0.0,-1.0,-1.0
2.6,2.602652965905361,3.0973445411131135,2.358554459954413,0.2324690428158241,-0.17263531735760845,0.15657127003642946,0.0,-1.0,-1.0
2.62,2.605818399287391,3.0941761331859055,2.3619306439691967,0.320998956879053,-0.18959610277762884,0.14196936569414703,0.0,-1.0,-1.0
2.64,2.609492419141746,3.0909102889727156,2.365222942993271,0.40291775468682195,-0.20343155012864345,0.12394515138612386,0.0,-1.0,-1.0
2.66,2.6174969059656883,3.086814802916801,2.367800985541256,0.4285448063821371,-0.1906556461892061,0.07678095583053163,0.0,-1.0,-1.0
2.68,2.625501392789631,3.082719316860887,2.370379028089241,0.45417185807745225,-0.17787974224976877,0.02961676027493941,0.0,-1.0,-1.0
2.7,2.634027102726135,3.0788836771773243,2.3719978081710935,0.4659341652306316,-0.1747214185351597,0.0054537000959108475,0.0,-1.0,-1.0
2.72,2.6434323666097246,3.0754865232341864,2.371997851347303,0.4542999834456381,-0.18779257590895745,0.02010461213019829,0.0,-1.0,-1.0
2.74,2.6528376304933143,3.0720893692910485,2.371997894523512,0.4426658016606446,-0.20086373328275517,0.034755524164485734,0.0,-1.0,-1.0
2.7600000000000002,2.6618364801407854,3.068235603569151,2.3725097346900803,0.43775094230597456,-0.2060419918711234,0.0412274685687893,0.0,-1.0,-1.0
2.7800000000000002,2.670605818552107,3.064123978932703,2.37331059809815,0.43663063506100114,-0.20676295345544937,0.043080566475202295,0.0,-1.0,-1.0
2.8000000000000003,2.6793751569634288,3.0600123542962545,2.37411146150622,0.4355103278160278,-0.20748391503977534,0.04493366438161529,0.0,-1.0,-1.0
2.82,2.6880890101854455,3.0558650227676414,2.3750041028516353,0.43598491906490533,-0.2072393901683511,0.0441099505618597,0.0,-1.0,-1.0
2.84,2.696797112497228,3.0517139903030817,2.3759062567658242,0.4366248178163124,-0.20689479488157356,0.04300879146085237,0.0,-1.0,-1.0
2.86,2.7055112686700995,3.0475662179355196,2.3767979929940597,0.4371434930729032,-0.20664392375983154,0.04208960007122224,0.0,-1.0,-1.0
2.88,2.714254347907909,3.043434021081795,2.3776399574480642,0.4370830081933184,-0.2068408313485386,0.04203978177350457,0.0,-1.0,-1.0
2.9,2.7229974271457187,3.0393018242280703,2.3784819219020683,0.4370225233137336,-0.20703773893724567,0.04198996347578691,0.0,-1.0,-1.0
2.92,2.7317390514413833,3.035164890832724,2.379322687994737,0.43898458668145196,-0.20909021936471173,0.0352056705629056,0.0,-1.0,-1.0
2.94,2.7404788245699794,3.031021930991652,2.380161929375891,0.4435199995966168,-0.21350360145731306,0.01985290111240429,0.0,-1.0,-1.0
2.96,2.7492185976985755,3.026878971150581,2.3810011707570458,0.44805541251178166,-0.21791698354991443,0.004500131661902981,0.0,-1.0,-1.0
2.98,2.758133658323086,3.022565440137709,2.3812470486313515,0.4450982565891077,-0.2272624754418601,2.2509474380563216e-06,0.0,-1.0,-1.0
3.0,2.7671213375488435,3.0181812444157288,2.3812471061881655,0.4390370579855252,-0.2386512557780542,1.3643430584626455e-06,0.0,-1.0,-1.0
3.02,2.7761090167746008,3.0137970486937484,2.3812471637449795,0.4329758593819428,-0.25004003611424835,4.777386788689694e-07,0.0,-1.0,-1.0
3.04,2.7847739819198907,3.0088064844934825,2.381247174096655,0.42783785579760436,-0.25843995745935866,3.4974683231113253e-07,0.0,-1.0,-1.0
3.06,2.793430355459032,3.003799776965542,2.3812471831915896,0.42272443040332175,-0.26676030651172317,2.419515017948549e-07,0.0,-1.0,-1.0
3.08,2.8020193518907743,2.99868343626444,2.3812471908661577,0.43771690454110784,-0.2820272461254046,0.009724576715608443,1.0,-1.0,-1.0
3.1,2.8103962251161976,2.9932219376735496,2.38124719406899,0.5160087401281803,-0.3191641222758553,0.05006435365283645,0.0,-1.0,-1.0
3.12,2.818773098341621,2.9877604390826593,2.381247197271822,0.5943005757152529,-0.35630099842630597,0.09040413059006447,0.0,-1.0,-1.0
3.14,2.827149971567044,2.9822989404917686,2.381247200474654,0.6725924113023254,-0.39343787457675666,0.13074390752729248,0.0,-1.0,-1.0
3.16,2.8355268447924673,2.9768374419008783,2.381247203677486,0.7508842468893978,-0.4305747507272073,0.1710836844645205,0.0,-1.0,-1.0
3.18,2.8439037180178905,2.971375943309988,2.3812472068803183,0.8291760824764702,-0.467711626877658,0.2114234614017485,0.0,-1.0,-1.0
3.2,2.852280591243314,2.9659144447190977,2.38124721008315,0.9074679180635428,-0.5048485030281087,0.2517632383389765,0.0,-1.0,-1.0
3.22,2.860657464468737,2.960452946128207,2.3812472132859823,0.9857597536506153,-0.5419853791785594,0.2921030152762045,0.0,-1.0,-1.0
3.24,2.8690343376941607,2.9549914475373167,2.3812472164888145,1.0640515892376878,-0.5791222553290101,0.33244279221343254,0.0,-1.0,-1.0
3.2600000000000002,2.881452831213715,2.9476128505518773,2.3833296598325338,1.1423519116150869,-0.6162571049255677,0.3727474923320514,0.0,-1.0,-1.0
3.2800000000000002,2.9038482611224565,2.9355018028802613,2.390552708009937,1.2206731840474327,-0.6533869518752142,0.4129656036168537,0.0,-1.0,-1.0
3.3000000000000003,2.9262436910311975,2.9233907552086453,2.3977757561873396,1.2989944564797788,-0.6905167988248608,0.453183714901656,0.0,-1.0,-1.0
3.3200000000000003,2.948639120939939,2.9112797075370294,2.4049988043647423,1.3773157289121247,-0.7276466457745073,0.4934018261864583,0.0,-1.0,-1.0
3.34,2.9710345508486795,2.8991686598654134,2.412221852542145,1.455637001344469,-0.764776492724153,0.5336199374712597,0.0,-1.0,-1.0
3.36,2.9934299807574205,2.8870576121937974,2.4194449007195478,1.5339582737768152,-0.8019063396737995,0.5738380487560619,0.0,-1.0,-1.0
3.38,3.015825410666162,2.874946564522181,2.4266679488969505,1.612279546209161,-0.839036186623446,0.6140561600408643,0.0,-1.0,-1.0
3.4,3.038220840574903,2.862835516850565,2.4338909970743536,1.690600818641507,-0.8761660335730925,0.6542742713256665,0.0,-1.0,-1.0
3.42,3.0606162704836444,2.850724469178949,2.4411140452517563,1.768922091073853,-0.9132958805227391,0.6944923826104688,0.0,-1.0,-1.0
3.44,3.0877173581083195,2.836382605467656,2.4507534569509737,1.847232636127217,-0.950376914511868,0.7349389137246128,0.0,-1.0,-1.0
3.46,3.1241366155192454,2.8176232673299473,2.4651777652408042,1.9255219387645903,-0.987361288802963,0.775837763065207,0.0,-1.0,-1.0
3.48,3.160555872930171,2.798863929192239,2.479602073530635,2.003811241401963,-1.0243456630940582,0.8167366124058011,0.0,-1.0,-1.0
3.5,3.1969751303410963,2.7801045910545303,2.494026381820466,2.0821005440393363,-1.0613300373851533,0.8576354617463953,0.0,-1.0,-1.0
3.52,3.2333943877520217,2.761345252916822,2.508450690110297,2.160389846676709,-1.0983144116762484,0.8985343110869894,0.0,-1.0,-1.0
3.54,3.269813645162947,2.742585914779114,2.522874998400128,2.2386791493140823,-1.1352987859673433,0.9394331604275835,0.0,-1.0,-1.0
3.56,3.306232902573873,2.723826576641405,2.537299306689959,2.316968451951455,-1.1722831602584385,0.9803320097681776,0.0,-1.0,-1.0
3.58,3.3426521599847985,2.705067238503697,2.55172361497979,2.3952577545888283,-1.2092675345495336,1.0212308591087718,0.0,-1.0,-1.0
3.6,3.379071417395724,2.6863079003659887,2.566147923269621,2.473547057226201,-1.2462519088406288,1.062129708449366,0.0,-1.0,-1.0
3.62,3.420856659116591,2.6650136364405497,2.583375457242436,2.5430466917245584,-1.274909033965967,1.0408805722964602,0.0,-1.0,-1.0
3.64,3.471294019673139,2.63963205546604,2.6051229153021467,2.598373855922534,-1.2901392936375689,0.9194239579197219,0.0,-1.0,-1.0
3.66,3.521731380229687,2.61425047449153,2.6268703733618572,2.6537010201205096,-1.3053695533091707,0.7979673435429835,0.0,-1.0,-1.0
3.68,3.5721687407862346,2.58886889351702,2.648617831421568,2.7090281843184854,-1.3205998129807723,0.6765107291662451,0.0,-1.0,-1.0
3.7,3.622606101342783,2.5634873125425104,2.6703652894812784,2.764355348516461,-1.3358300726523742,0.5550541147895067,0.0,-1.0,-1.0
3.72,3.6730434618993306,2.5381057315680002,2.692112747540989,2.8196825127144365,-1.3510603323239758,0.43359750041276834,0.0,-1.0,-1.0
3.74,3.7234808224558784,2.5127241505934905,2.7138602056006995,2.8750096769124123,-1.3662905919955777,0.3121408860360301,0.0,-1.0,-1.0
3.7600000000000002,3.773918183012426,2.4873425696189804,2.73560766366041,2.930336841110388,-1.3815208516671795,0.1906842716592917,0.0,-1.0,-1.0
3.7800000000000002,3.824355543568974,2.4619609886444707,2.7573551217201206,2.9856640053083634,-1.3967511113387812,0.06922765728255342,0.0,-1.0,-1.0
3.8000000000000003,3.8790530642451886,2.4354066863529336,2.7697504896747542,3.0172533389841676,-1.4053145001923257,1.2620965255742525e-06,0.0,-1.0,-1.0
3.8200000000000003,3.939397038711346,2.407298048886409,2.769750514934654,3.0173803427587544,-1.4050415596732009,1.26000721005772e-06,0.0,-1.0,-1.0
3.84,3.9997410131775024,2.3791894114198855,2.769750540194554,3.0175073465333417,-1.404768619154076,1.2579178945411873e-06,0.0,-1.0,-1.0
3.86,4.06008498764366,2.3510807739533615,2.769750565454454,3.0176343503079286,-1.4044956786349514,1.255828579024655e-06,0.0,-1.0,-1.0
3.88,4.120428962109817,2.322972136486837,2.769750590714354,3.017761354082516,-1.4042227381158265,1.2537392635081223e-06,0.0,-1.0,-1.0
3.9,4.180772936575975,2.2948634990203125,2.769750615974254,3.0178883578571027,-1.4039497975967017,1.2516499479915897e-06,0.0,-1.0,-1.0
3.92,4.241116911042132,2.2667548615537885,2.769750641234154,3.01801536163169,-1.4036768570775768,1.2495606324750571e-06,0.0,-1.0,-1.0
3.94,4.30146088550829,2.238646224087264,2.769750666494054,3.018142365406277,-1.4034039165584522,1.2474713169585246e-06,0.0,-1.0,-1.0
3.96,4.3618048599744474,2.2105375866207395,2.769750691753954,3.018269369180864,-1.4031309760393273,1.245382001441992e-06,0.0,-1.0,-1.0
3.98,4.422159687980858,2.1824522742161725,2.769750716835304,3.0183357551819103,-1.4029883076105694,1.2442898852592725e-06,0.0,-1.0,-1.0
4.0,4.482526403127448,2.1543925081563646,2.769750741721101,3.0183357506822883,-1.4029883172908422,1.2442899332912738e-06,0.0,-1.0,-1.0
4.0200000000000005,4.542893118274039,2.1263327420965563,2.7697507666068986,3.0183357461826663,-1.4029883269711152,1.2442899813232749e-06,0.0,-1.0,-1.0
4.04,4.603259833420627,2.0982729760367493,2.769750791492696,3.0183357416830447,-1.402988336651388,1.2442900293552761e-06,0.0,-1.0,-1.0
4.0600000000000005,4.663626548567218,2.070213209976941,2.769750816378493,3.0183357371834227,-1.402988346331661,1.2442900773872774e-06,0.0,-1.0,-1.0
4.08,4.7239932637138065,2.042153443917134,2.7697508412642904,3.0183357326838007,-1.402988356011934,1.2442901254192785e-06,0.0,-1.0,-1.0
4.1,4.784359978860396,2.0140936778573266,2.769750866150088,3.018335728184179,-1.4029883656922069,1.2442901734512798e-06,0.0,-1.0,-1.0
4.12,4.844726694006987,1.9860339117975185,2.769750891035885,3.018335723684557,-1.40298837537248,1.2442902214832809e-06,0.0,-1.0,-1.0
4.14,4.905093409153575,1.9579741457377113,2.769750915921682,3.0183357191849356,-1.402988385052753,1.2442902695152822e-06,0.0,-1.0,-1.0
4.16,4.965460123877573,1.9299143787687572,2.769750940807484,3.0183357171449328,-1.4029883894415351,1.2442902631019563e-06,0.0,-1.0,-1.0
4.18,5.025826838218482,1.9018546109756471,2.76975096569329,3.018335717334618,-1.4029883890334878,1.2442902073329778e-06,0.0,-1.0,-1.0
4.2,5.086193552559392,1.873794843182536,2.7697509905790954,3.0183357175243035,-1.4029883886254404,1.2442901515639993e-06,0.0,-1.0,-1.0
4.22,5.1465602669003,1.8457350753894262,2.769751015464901,3.018335717713989,-1.402988388217393,1.2442900957950207e-06,0.0,-1.0,-1.0
4.24,5.206926981241211,1.817675307596315,2.769751040350707,3.0183357179036747,-1.4029883878093456,1.2442900400260422e-06,0.0,-1.0,-1.0
4.26,5.267293695582119,1.789615539803205,2.769751065236513,3.01833571809336,-1.4029883874012983,1.2442899842570637e-06,0.0,-1.0,-1.0
4.28,5.32766040992303,1.7615557720100938,2.769751090122319,3.0183357182830455,-1.402988386993251,1.2442899284880851e-06,0.0,-1.0,-1.0
4.3,5.388027124263938,1.733496004216984,2.7697511150081247,3.018335718472731,-1.4029883865852035,1.2442898727191066e-06,0.0,-1.0,-1.0
4.32,5.448393838604848,1.7054362364238729,2.7697511398939305,3.0183357186624167,-1.4029883861771562,1.244289816950128e-06,0.0,-1.0,-1.0
4.34,5.5087605529651755,1.6773764686725374,2.7697511647797306,3.0183357187901687,-1.402988385902324,1.2442897987217273e-06,0.0,-1.0,-1.0
4.36,5.5691272673400505,1.6493167009524894,2.7697511896655262,3.018335718871534,-1.4029883857272687,1.2442898086108158e-06,0.0,-1.0,-1.0
4.38,5.629493981714922,1.6212569332324427,2.7697512145513223,3.0183357189528985,-1.4029883855522134,1.2442898184999045e-06,0.0,-1.0,-1.0
4.4,5.689860696089797,1.5931971655123947,2.769751239437118,3.0183357190342632,-1.402988385377158,1.244289828388993e-06,0.0,-1.0,-1.0
4.42,5.750227410464668,1.565137397792348,2.7697512643229136,3.0183357191156284,-1.4029883852021026,1.2442898382780816e-06,0.0,-1.0,-1.0
4.44,5.810594124839543,1.5370776300723,2.7697512892087097,3.018335719196993,-1.4029883850270473,1.2442898481671701e-06,0.0,-1.0,-1.0
4.46,5.870960839214415,1.509017862352253,2.7697513140945054,3.018335719278358,-1.402988384851992,1.2442898580562586e-06,0.0,-1.0,-1.0
4.48,5.9313275535892895,1.480958094632205,2.7697513389803015,3.018335719359723,-1.4029883846769367,1.2442898679453473e-06,0.0,-1.0,-1.0
4.5,5.991694267964161,1.4528983269121583,2.769751363866097,3.0183357194410876,-1.4029883845018813,1.2442898778344358e-06,0.0,-1.0,-1.0
4.5200000000000005,6.052060982348054,1.4248385592115125,2.769751388751894,3.0200382013669373,-1.3797360267077428,0.022274557762327674,0.0,-1.0,-1.0
4.54,6.112427696737495,1.3967787915228103,2.7697514136376915,3.022788571115352,-1.342171702842478,0.0582572297407511,0.0,-1.0,-1.0
4.5600000000000005,6.172794411126938,1.368719023834107,2.7697514385234894,3.0255389408637674,-1.3046073789772115,0.09423990171917614,0.0,-1.0,-1.0
4.58,6.233161125516379,1.3406592561454047,2.769751463409287,3.028289310612182,-1.2670430551119467,0.13022257369759957,0.0,-1.0,-1.0
4.6000000000000005,6.293527839905822,1.3125994884567012,2.769751488295084,3.0310396803605975,-1.2294787312466804,0.1662052456760246,0.0,-1.0,-1.0
4.62,6.3538945542952625,1.284539720767999,2.769751513180882,3.0337900501090123,-1.1919144073814156,0.20218791765444802,0.0,-1.0,-1.0
4.64,6.414261268684704,1.256479953079297,2.7697515380666795,3.0365404198574275,-1.1543500835161509,0.23817058963287144,0.0,-1.0,-1.0
4.66,6.474627983074147,1.2284201853905934,2.769751562952477,3.0392907896058428,-1.1167857596508846,0.27415326161129644,0.0,-1.0,-1.0
4.68,6.5349946974635875,1.2003604177018912,2.769751587838275,3.0420411593542576,-1.0792214357856198,0.31013593358971986,0.0,-1.0,-1.0
4.7,6.595689515324616,1.1767818602486715,2.77404414088319,2.9906065182649333,-1.0409874200968865,0.29817207790233874,0.0,-1.0,-1.0
4.72,6.656548697593102,1.1554481783571255,2.780487048643868,2.9120277352481825,-1.0024179203024441,0.26218926693993977,0.0,-1.0,-1.0
4.74,6.717407879861591,1.134114496465579,2.7869299564045464,2.8334489522314286,-0.9638484205080001,0.22620645597753922,0.0,-1.0,-1.0
4.76,6.778267062130078,1.112780814574033,2.7933728641652245,2.7548701692146773,-0.9252789207135579,0.19022364501514027,0.0,-1.0,-1.0
4.78,6.839126244398566,1.0914471326824862,2.7998157719259025,2.6762913861979234,-0.8867094209191139,0.15424083405273972,0.0,-1.0,-1.0
4.8,6.899985426667052,1.0701134507909404,2.8062586796865805,2.5977126031811726,-0.8481399211246716,0.11825802309034075,0.0,-1.0,-1.0
4.82,6.960844608935541,1.0487797688993936,2.812701587447259,2.5191338201644182,-0.8095704213302275,0.0822752121279402,0.0,-1.0,-1.0
4.84,7.021703791204027,1.027446087007848,2.8191444952079365,2.4405550371476674,-0.7710009215357853,0.04629240116554123,0.0,-1.0,-1.0
4.86,7.082562973472516,1.006112405116301,2.825587402968615,2.361976254130913,-0.7324314217413412,0.010309590203140706,0.0,-1.0,-1.0
4.88,7.13338345765457,0.9897061037327828,2.827433388230814,2.2796384361202247,-0.696735019989418,1.698006132095452e-14,2.0,-1.0,-1.0
4.9,7.18017270382351,0.9752784895692618,2.827433388230814,2.195791103167483,-0.6621923676524759,4.80132061675499e-15,0.0,-1.0,-1.0
4.92,7.226910189817418,0.9608721990861498,2.8274333882308142,2.1119287387436514,-0.627688382213343,-7.194402985179392e-15,0.0,-1.0,-1.0
4.94,7.269168221022815,0.9483113131492482,2.8274333882308142,2.0267655132788653,-0.5965307266589093,-3.3513695768323203e-15,0.0,-1.0,-1.0
4.96,7.31142625222821,0.9357504272123471,2.827433388230814,1.9416022878140828,-0.5653730711044768,4.916638315145813e-16,0.0,-1.0,-1.0
4.98,7.352260505779012,0.9237104418578961,2.827433388230814,1.8561925259151457,-0.5349180190785059,3.007907917364393e-15,0.0,-1.0,-1.0
5.0,7.389916209540228,0.9128333546788725,2.827433388230814,1.7702323772838697,-0.5060315127382681,2.5621263609135667e-15,0.0,-1.0,-1.0
5.0200000000000005,7.4275719133014455,0.9019562674998484,2.827433388230814,1.68427222865259,-0.47714500639802904,2.116344804462721e-15,0.0,-1.0,-1.0
5.04,7.462406479924471,0.8920272102757123,2.827433388230814,1.5979905627159152,-0.44924598504549385,9.081639256838632e-16,0.0,-1.0,-1.0
5.0600000000000005,7.495416789514761,0.8827111861044665,2.827433388230814,1.5115009911806114,-0.4219855099051041,-7.930140168260441e-16,0.0,-1.0,-1.0
5.08,7.528427099105049,0.8733951619332213,2.827433388230814,1.4250114196453114,-0.39472503476471554,-2.4941919593358758e-15,0.0,-1.0,-1.0
5.1000000000000005,7.557206335824433,0.8654127211613041,2.827433388230814,1.3381821853673839,-0.36856924862861334,-2.11701860100457e-15,0.0,-1.0,-1.0
5.12,7.585542640566505,0.8575698872337967,2.827433388230814,1.2513173933255548,-0.34252910741282255,-1.5222719984122133e-15,0.0,-1.0,-1.0
5.14,7.612925196947036,0.8500129659463249,2.827433388230814,1.1643959388281029,-0.3166817936954713,-1.0183733623499468e-15,0.0,-1.0,-1.0
5.16,7.636567219454432,0.8435773738877541,2.827433388230814,1.0772522581721127,-0.29159073584043127,-8.707740498983272e-16,0.0,-1.0,-1.0
5.18,7.660209241961827,0.8371417818291836,2.827433388230814,0.9901085775161262,-0.26649967798539237,-7.23174737446714e-16,0.0,-1.0,-1.0
5.2,7.681491361712986,0.8313856705561758,2.827433388230814,0.9028571773997615,-0.2417889441433624,-6.007090556656724e-16,0.0,-1.0,-1.0
5.22,7.700424030495449,0.8263060307121852,2.827433388230814,0.8154985349023934,-0.21745684989503034,-5.032656900668688e-16,0.0,-1.0,-1.0
5.24,7.7193566992779115,0.8212263908681944,2.827433388230814,0.7281398924050215,-0.19312475564669718,-4.0582232446806077e-16,0.0,-1.0,-1.0
5.26,7.734517090644328,0.8171974474063144,2.827433388230814,0.6406450130015158,-0.1692885768211994,-5.575124143956727e-16,0.0,-1.0,-1.0
5.28,7.7487287888945255,0.8134327444323435,2.827433388230814,0.5531158712676488,-0.14557711616883098,-7.718572797310134e-16,0.0,-1.0,-1.0
5.3,7.762481733282733,0.809792316916034,2.827433388230814,0.46557330768182775,-0.1219157855312449,-1.0190845316330777e-15,0.0,-1.0,-1.0
5.32,7.7719632470082285,0.8073090109946807,2.827433388230814,0.37790577400909064,-0.09872121256046154,-1.57247778208493e-15,0.0,-1.0,-1.0
5.34,7.781444760733723,0.8048257050733275,2.827433388230814,0.2902382403363575,-0.07552663958967923,-2.125871032536758e-15,0.0,-1.0,-1.0
5.36,7.789055268470326,0.8028374191795721,2.827433388230814,0.20252549394153674,-0.052504688607851686,-2.101069596579418e-15,0.0,-1.0,-1.0
5.38,7.7937991187972875,0.8016075770526779,2.827433388230814,0.1147434749812977,-0.029747219998954674,-1.19038853658487e-15,0.0,-1.0,-1.0
5.4,7.798542969124249,0.8003777349257837,2.827433388230814,0.026961456021054736,-0.006989751390056649,-2.797074765902813e-16,0.0,-1.0,-1.0
5.42,7.8,0.7999999999999999,2.827433388230814,-0.0598065760991609,0.01753967475417229,-0.011813597562684009,0.0,-1.0,-1.0
5.44,7.8,0.7999999999999999,2.827433388230814,-0.14612511284689333,0.042854600947255884,-0.028864104745150332,0.0,-1.0,-1.0
5.46,7.8,0.7999999999999999,2.827433388230814,-0.23244364959462194,0.06816952714033836,-0.045914611927615895,0.0,-1.0,-1.0
5.48,7.8,0.7999999999999999,2.827433388230814,-0.31876218634235437,0.09348445333342194,-0.06296511911008222,0.0,-1.0,-1.0
5.5,7.8,0.7999999999999999,2.827433388230814,-0.405080723090083,0.1187993795265044,-0.08001562629254778,0.0,-1.0,-1.0
5.5200000000000005,7.795995573332433,0.8011743916122134,2.82664239352412,-0.4914286028665987,0.14412620919418168,-0.09668475640913497,0.0,-1.0,-1.0
5.54,7.786930171545869,0.8038330323374171,2.824851704014108,-0.5778135676869672,0.169468083010184,-0.11287188498053063,0.0,-1.0,-1.0
5.5600000000000005,7.777864769759304,0.8064916730626209,2.823061014504096,-0.6641985325073396,0.19480995682618746,-0.129059013551927,0.0,-1.0,-1.0
5.58,7.768799367972741,0.8091503137878246,2.821270324994084,-0.7505834973277083,0.2201518306421898,-0.14524614212332268,0.0,-1.0,-1.0
5.6000000000000005,7.759733966186176,0.8118089545130286,2.819479635484072,-0.8369684621480806,0.24549370445819324,-0.16143327069471905,0.0,-1.0,-1.0
5.62,7.748939426723306,0.8149748546773556,2.8173649338737805,-0.9233704935501312,0.2708428024717195,-0.17738299749418215,0.0,-1.0,-1.0
5.64,7.730801646697713,0.8202949662386311,2.8138742291665766,-1.0098450027060304,0.2962225799510961,-0.19232453486766488,0.0,-1.0,-1.0
5.66,7.71266386667212,0.8256150777999068,2.810383524459373,-1.0963195118619335,0.3216023574304738,-0.2072660722411483,0.0,-1.0,-1.0
5.68,7.694526086646528,0.8309351893611824,2.8068928197521696,-1.1827940210178327,0.34698213490985036,-0.222207609614631,0.0,-1.0,-1.0
5.7,7.676388306620935,0.836255300922458,2.8034021150449657,-1.2692685301737356,0.37236191238922806,-0.2371491469881144,0.0,-1.0,-1.0
5.72,7.658250526595343,0.8415754124837336,2.7999114103377623,-1.355743039329635,0.39774168986860464,-0.25209068436159715,0.0,-1.0,-1.0
5.74,7.631580766464869,0.8493996117655879,2.7949465035697285,-1.442335798495521,0.42317326654597603,-0.2651984262342373,0.0,-1.0,-1.0
5.76,7.604361204016514,0.857385174906245,2.7898865989582746,-1.5289361777131119,0.4486081811728928,-0.2781879979981222,0.0,-1.0,-1.0
5.78,7.577141641568158,0.8653707380469023,2.7848266943468203,-1.6155365569307067,0.4740430957998107,-0.2911775697620077,0.0,-1.0,-1.0
5.8,7.549922079119803,0.8733563011875595,2.7797667897353664,-1.7021369361482979,0.49947801042672746,-0.30416714152589264,0.0,-1.0,-1.0
5.82,7.522702516671447,0.8813418643282169,2.774706885123912,-1.7887373153658928,0.5249129250536453,-0.3171567132897781,0.0,-1.0,-1.0
5.84,7.489222607335381,0.8911661190550128,2.7687079635485663,-1.8754622580384042,0.5504068984860446,-0.32773629140614585,0.0,-1.0,-1.0
5.86,7.45290804325637,0.9018229244246,2.7622838596409727,-1.9622436024398684,0.5759276134594613,-0.33722463607396375,0.0,-1.0,-1.0
5.88,7.416593479177361,0.9124797297941868,2.7558597557333795,-2.0490249468413286,0.6014483284328769,-0.3467129807417812,0.0,-1.0,-1.0
5.9,7.38027891509835,0.9231365351637741,2.749435651825786,-2.135806291242793,0.6269690434062936,-0.35620132540959903,0.0,-1.0,-1.0
5.92,7.34396435101934,0.9337933405333609,2.7430115479181922,-2.2225876356442535,0.6524897583797091,-0.3656896700774165,0.0,-1.0,-1.0
5.94,7.303665183103116,0.9456219408263025,2.7361517824656785,-2.309453242334652,0.6780704978381484,-0.37158893821112055,0.0,-1.0,-1.0
5.96,7.258236611949629,0.9589589994048905,2.72873118742253,-2.3964273203499995,0.7037285071583768,-0.37286796765987795,0.0,-1.0,-1.0
5.98,7.212808040796139,0.9722960579834792,2.721310592379382,-2.483401398365351,0.7293865164786063,-0.37414699710863536,0.0,-1.0,-1.0
6.0,7.167379469642651,0.9856331165620673,2.7138899973362336,-2.5703754763806987,0.7550445257988346,-0.37542602655739277,0.0,-1.0,-1.0
6.0200000000000005,7.121950898489161,0.9989701751406559,2.7064694022930853,-2.6573495543960504,0.7807025351190642,-0.37670505600615023,0.0,-1.0,-1.0
6.04,7.074822782360301,1.0128086123117317,2.6990238139631715,-2.7431832205728295,0.8062391609659633,-0.3683388784449224,0.0,-1.0,-1.0
6.0600000000000005,7.020259962736759,1.028840343115952,2.691468891853246,-2.824028125637408,0.8312447916662599,-0.3177794931115138,0.0,-1.0,-1.0
6.08,6.9656971431132195,1.0448720739201718,2.6839139697433207,-2.904873030701982,0.8562504223665554,-0.2672201077781075,0.0,-1.0,-1.0
6.1000000000000005,6.911134323489677,1.0609038047243922,2.676359047633395,-2.9857179357665604,0.881256053066852,-0.21666072244469897,0.0,-1.0,-1.0
6.12,6.856571503866138,1.0769355355286117,2.6688041255234696,-3.066562840831135,0.9062616837671474,-0.16610133711129266,0.0,-1.0,-1.0
6.140000000000001,6.802008684242597,1.092967266332832,2.661249203413544,-3.147407745895713,0.9312673144674439,-0.11554195177788407,0.0,-1.0,-1.0
6.16,6.7395077959587475,1.111454271383892,2.658658649458656,-3.160101873508622,0.9332868345076851,-0.09226644734034542,0.0,-1.0,-1.0
6.18,6.676454429872992,1.1301121598799075,2.6564136081622642,-3.1680528081188113,0.9337065553479857,-0.07088986053502438,0.0,-1.0,-1.0
6.2,6.613401063787235,1.1487700483759242,2.654168566865872,-3.176003742729001,0.9341262761882864,-0.04951327372970239,0.0,-1.0,-1.0
6.22,6.550347697701479,1.16742793687194,2.65192352556948,-3.1839546773391905,0.9345459970285869,-0.028136686924381357,0.0,-1.0,-1.0
6.24,6.487294331615722,1.1860858253679567,2.649678484273088,-3.1919056119493803,0.9349657178688875,-0.006760100119059365,0.0,-1.0,-1.0
6.26,6.423669975248349,1.204773855794771,2.6489685861917276,-3.189935980141094,0.9494832558232943,-7.72643647440303e-07,0.0,-1.0,-1.0
6.28,6.359781580911003,1.223475824487219,2.6489685707671473,-3.1833788688214772,0.9705199222666755,-7.74712451079428e-07,0.0,-1.0,-1.0
6.3,6.29589318657366,1.2421777931796663,2.6489685553425675,-3.176821757501861,0.9915565887100558,-7.76781254718553e-07,0.0,-1.0,-1.0
6.32,6.232004792236315,1.2608797618721144,2.648968539917987,-3.1702646461822446,1.0125932551534371,-7.78850058357678e-07,0.0,-1.0,-1.0
6.34,6.168116397898972,1.2795817305645616,2.6489685244934074,-3.1637075348626285,1.0336299215968174,-7.80918861996803e-07,0.0,-1.0,-1.0
6.36,6.104525956167386,1.2992395972550432,2.6489685089748214,-3.1450300340096264,1.0818361133588763,-7.802093499691922e-07,0.0,-1.0,-1.0
6.38,6.0413262070609655,1.3201508924808691,2.64896849333297,-3.110459580004827,1.165668552268927,-7.758567503485045e-07,0.0,-1.0,-1.0
6.4,5.978126457954542,1.3410621877066957,2.6489684776911187,-3.0758891260000256,1.2495009911789816,-7.715041507278164e-07,0.0,-1.0,-1.0
6.42,5.914926708848123,1.3619734829325216,2.6489684620492673,-3.041318671995226,1.3333334300890325,-7.671515511071285e-07,0.0,-1.0,-1.0
6.44,5.8517269597417,1.3828847781583484,2.648968446407416,-3.006748217990425,1.417165868999087,-7.627989514864406e-07,0.0,-1.0,-1.0
6.46,5.789186296103968,1.4053943382574856,2.648968430848547,-2.9772973856860148,1.4880156399638027,-7.591348117288665e-07,0.0,-1.0,-1.0
6.48,5.729617227814266,1.4351099386777841,2.648968415663817,-2.970929210717153,1.5003309150182838,-7.585747066128216e-07,0.0,-1.0,-1.0
6.5,5.670048159524568,1.4648255390980813,2.648968400479087,-2.964561035748291,1.5126461900727644,-7.580146014967768e-07,0.0,-1.0,-1.0
6.5200000000000005,5.6104790912348665,1.49454113951838,2.6489683852943577,-2.9581928607794294,1.5249614651272454,-7.57454496380732e-07,0.0,-1.0,-1.0
6.54,5.5509100229451676,1.5242567399386773,2.648968370109628,-2.951824685810568,1.5372767401817258,-7.568943912646872e-07,0.0,-1.0,-1.0
6.5600000000000005,5.491340954655467,1.5539723403589758,2.648968354924898,-2.9454565108417063,1.5495920152362068,-7.563342861486424e-07,0.0,-1.0,-1.0
6.58,5.431771886365768,1.583687940779273,2.6489683397401684,-2.939088335872845,1.5619072902906874,-7.557741810325976e-07,0.0,-1.0,-1.0
6.6000000000000005,5.37239383785708,1.6137729501990945,2.6489683245722393,-2.934091199945487,1.571571142700789,-7.553346641684872e-07,0.0,-1.0,-1.0
6.62,5.313712013838959,1.6452043730172397,2.648968309465546,-2.9340911954835005,1.5715711510312262,-7.553346645827723e-07,0.0,-1.0,-1.0
6.640000000000001,5.255030189820835,1.676635795835386,2.648968294358853,-2.934091191021514,1.5715711593616635,-7.553346649970574e-07,0.0,-1.0,-1.0
6.66,5.196348365802714,1.708067218653531,2.6489682792521596,-2.934091186559528,1.571571167692101,-7.553346654113424e-07,0.0,-1.0,-1.0
6.68,5.137666541784592,1.739498641471676,2.6489682641454664,-2.9340911820975415,1.5715711760225382,-7.553346658256275e-07,0.0,-1.0,-1.0
6.7,5.078984717766468,1.7709300642898225,2.648968249038773,-2.9340911776355547,1.5715711843529754,-7.553346662399126e-07,0.0,-1.0,-1.0
6.72,5.0203028937483465,1.8023614871079676,2.64896823393208,-2.9340911731735684,1.5715711926834126,-7.553346666541977e-07,0.0,-1.0,-1.0
6.74,4.961621069885053,1.8337929102151809,2.6489682188253862,-2.9340911698922594,1.5715711988095502,-7.55334666063992e-07,0.0,-1.0,-1.0
6.76,4.9029392464885975,1.8652243341939618,2.648968203718693,-2.9340911701708268,1.571571198289475,-7.553346624451331e-07,0.0,-1.0,-1.0
6.78,4.844257423092138,1.8966557581727441,2.648968188612,-2.9340911704493946,1.5715711977693994,-7.553346588262743e-07,0.0,-1.0,-1.0
6.8,4.785575599695681,1.928087182151525,2.648968173505306,-2.934091170727962,1.571571197249324,-7.553346552074154e-07,0.0,-1.0,-1.0
6.82,4.726893776299223,1.9595186061303074,2.648968158398613,-2.9340911710065294,1.5715711967292485,-7.553346515885565e-07,0.0,-1.0,-1.0
6.84,4.668211952902766,1.9909500301090883,2.648968143291919,-2.9340911712850968,1.5715711962091732,-7.553346479696976e-07,0.0,-1.0,-1.0
6.86,4.6095301295063065,2.0223814540878706,2.648968128185226,-2.934091171563664,1.5715711956890979,-7.553346443508388e-07,0.0,-1.0,-1.0
6.88,4.550848306098874,2.053812878046158,2.6489681130785327,-2.934091171724269,1.571571195389254,-7.553346424023273e-07,0.0,-1.0,-1.0
6.9,4.492166482663603,2.085244301952481,2.64896809797184,-2.934091171585746,1.5715711956478708,-7.55334644689463e-07,0.0,-1.0,-1.0
6.92,4.433484659228336,2.1166757258588027,2.648968082865147,-2.934091171447223,1.5715711959064878,-7.553346469765987e-07,0.0,-1.0,-1.0
6.94,4.374802835793067,2.1481071497651256,2.6489680677584544,-2.9340911713087,1.5715711961651047,-7.553346492637344e-07,0.0,-1.0,-1.0
6.96,4.316121012357799,2.1795385736714468,2.648968052651761,-2.9340911711701776,1.5715711964237216,-7.553346515508701e-07,0.0,-1.0,-1.0
6.98,4.257439188922529,2.2109699975777697,2.6489680375450684,-2.9340911710316546,1.5715711966823385,-7.553346538380059e-07,0.0,-1.0,-1.0
7.0,4.198757365487261,2.2424014214840913,2.6489680224383756,-2.9340911708931317,1.5715711969409554,-7.553346561251416e-07,0.0,-1.0,-1.0
7.0200000000000005,4.140075542058101,2.273832845401821,2.648968007331683,-2.9259902138229825,1.567374820832418,-0.028777531783088645,0.0,-1.0,-1.0
7.04,4.081393718642134,2.3052642693441747,2.6489679922249896,-2.9004017079584834,1.5541197202917618,-0.11967478196486218,0.0,-1.0,-1.0
7.0600000000000005,4.022711895226163,2.3366956932865293,2.6489679771182963,-2.874813202093984,1.5408646197511051,-0.21057203214663975,0.0,-1.0,-1.0
7.08,3.964030071810195,2.3681271172288825,2.648967962011603,-2.8492246962294847,1.5276095192104489,-0.30146928232841336,0.0,-1.0,-1.0
7.1000000000000005,3.905348248394224,2.3995585411712375,2.6489679469049103,-2.823636190364985,1.5143544186697921,-0.39236653251019094,0.0,-1.0,-1.0
7.12,3.846666424978256,2.4309899651135907,2.648967931798217,-2.798047684500486,1.501099318129136,-0.48326378269196446,0.0,-1.0,-1.0
7.140000000000001,3.787984601562285,2.4624213890559457,2.648967916691524,-2.7724591786359865,1.4878442175884792,-0.574161032873742,0.0,-1.0,-1.0
7.16,3.7305518120800647,2.4932058009977474,2.6445309973528075,-2.727911824841437,1.4642310812964245,-0.6300440126085335,0.0,-1.0,-1.0
7.18,3.6754351003888073,2.52279046160816,2.631866747214846,-2.648209167858841,1.4214110876775659,-0.6210001941531852,0.0,-1.0,-1.0
7.2,3.620318388697547,2.5523751222185735,2.6192024970768837,-2.5685065108762415,1.3785910940587054,-0.6119563756978365,0.0,-1.0,-1.0
7.22,3.5652016770062898,2.5819597828289855,2.606538246938922,-2.4888038538936454,1.3357711004398467,-0.6029125572424883,0.0,-1.0,-1.0
7.24,3.51008496531503,2.6115444434393993,2.5938739968009603,-2.409101196911046,1.2929511068209862,-0.5938687387871395,0.0,-1.0,-1.0
7.26,3.4549682536237727,2.6411291040498117,2.581209746662999,-2.32939853992845,1.2501311132021276,-0.5848249203317912,0.0,-1.0,-1.0
7.28,3.3998515419325126,2.670713764660225,2.5685454965250365,-2.2496958829458498,1.207311119583267,-0.5757811018764426,0.0,-1.0,-1.0
7.3,3.349000227930435,2.6980068542145754,2.5563652388134406,-2.170187929747939,1.164619201381265,-0.5633035999537658,0.0,-1.0,-1.0
7.32,3.304988067571869,2.7216256306850153,2.544961016259037,-2.0909921652825814,1.122132639752709,-0.5453205178935494,0.0,-1.0,-1.0
7.34,3.2609759072133047,2.7452444071554543,2.5335567937046344,-2.011796400817227,1.0796460781241546,-0.5273374358333337,0.0,-1.0,-1.0
7.36,3.2169637468547387,2.7688631836258946,2.522152571150231,-1.932600636351869,1.0371595164955985,-0.5093543537731173,0.0,-1.0,-1.0
7.38,3.1729515864961746,2.7924819600963335,2.5107483485958277,-1.8534048718865148,0.9946729548670441,-0.4913712717129016,0.0,-1.0,-1.0
7.4,3.1289394261376087,2.8161007365667734,2.499344126041424,-1.7742091074211568,0.9521863932384879,-0.4733881896526852,0.0,-1.0,-1.0
7.42,3.0849272657790445,2.8397195130372124,2.487939903487021,-1.6950133429558025,0.9096998316099335,-0.45540510759246955,0.0,-1.0,-1.0
7.44,3.045525918942582,2.860864702514874,2.4775826641708263,-1.6159033759652126,0.8672569859302464,-0.4364163372396893,0.0,-1.0,-1.0
7.46,3.012547687252537,2.878564050168066,2.468683929707006,-1.5369129295444917,0.8248750389557409,-0.41602658814995347,0.0,-1.0,-1.0
7.48,2.9795694555624905,2.8962633978212593,2.4597851952431853,-1.4579224831237672,0.7824930919812334,-0.39563683906021674,0.0,-1.0,-1.0
7.5,2.9465912238724457,2.913962745474451,2.450886460779365,-1.3789320367030462,0.7401111450067279,-0.3752470899704809,0.0,-1.0,-1.0
7.5200000000000005,2.913612992182399,2.931662093127644,2.4419877263155443,-1.2999415902823217,0.6977291980322204,-0.35485734088074417,0.0,-1.0,-1.0
7.54,2.880634760492354,2.9493614407808364,2.433088991851724,-1.2209511438616008,0.655347251057715,-0.3344675917910083,0.0,-1.0,-1.0
7.5600000000000005,2.8476565288023075,2.967060788434029,2.4241902573879033,-1.1419606974408765,0.6129653040832075,-0.3140778427012716,0.0,-1.0,-1.0
7.58,2.8196487339780827,2.98209327191272,2.416574538341171,-1.063017381101218,0.5706027693338295,-0.2932103240449937,0.0,-1.0,-1.0
7.6000000000000005,2.7976758250749896,2.9938877661573158,2.4105166002071035,-0.9841312880339456,0.528263804054756,-0.27176271858578266,0.0,-1.0,-1.0
7.62,2.775702916171898,3.0056822604019113,2.404458662073036,-0.9052451949666765,0.4859248387756845,-0.25031511312657256,0.0,-1.0,-1.0
7.640000000000001,2.7537300072688047,3.0174767546465078,2.3984007239389684,-0.826359101899404,0.4435858734966111,-0.22886750766736155,0.0,-1.0,-1.0
7.66,2.7317570983657125,3.0292712488911033,2.392342785804901,-0.7474730088321349,0.40124690821753956,-0.20741990220815149,0.0,-1.0,-1.0
7.68,2.7097841894626207,3.041065743135699,2.3862848476708334,-0.6685869157648658,0.35890794293846806,-0.1859722967489414,0.0,-1.0,-1.0
7.7,2.6878112805595276,3.052860237380295,2.380226909536766,-0.5897008226975933,0.3165689776593946,-0.16452469128973038,0.0,-1.0,-1.0
7.72,2.671173328304148,3.0617914063480227,2.37561944310022,-0.5108448961313728,0.27424128561278616,-0.1427928834508285,0.0,-1.0,-1.0
7.74,2.660191203184993,3.067687035597224,2.372549686851195,-0.43202095042769423,0.231925544826193,-0.12075977990562783,0.0,-1.0,-1.0
7.76,2.649209078065839,3.0735826648464255,2.36947993060217,-0.3531970047240191,0.1896098040396017,-0.09872667636042814,0.0,-1.0,-1.0
7.78,2.6382269529466846,3.079478294095627,2.366410174353145,-0.2743730590203404,0.14729406325300853,-0.07669357281522748,0.0,-1.0,-1.0
7.8,2.6272448278275307,3.085373923344828,2.3633404181041198,-0.1955491133166653,0.10497832246641728,-0.054660469270027795,0.0,-1.0,-1.0
7.82,2.6162627027083762,3.0912695525940292,2.360270661855095,-0.11672516761298668,0.06266258167982411,-0.032627365724827134,0.0,-1.0,-1.0
7.84,2.6052805775892223,3.0971651818432306,2.35720090560607,-0.037901221909311555,0.020346840893232854,-0.010594262179627445,0.0,-1.0,-1.0
7.86,2.6,3.1,2.355724862865972,0.03157215352787914,-0.03160182175516828,0.02289701694681373,0.0,-1.0,-1.0
7.88,2.6,3.1,2.355724862865972,0.09238535178747777,-0.09247216593566684,0.06700046493969158,0.0,-1.0,-1.0
7.9,2.6007173783513324,3.0992819475310798,2.356245125896279,0.15842776926246596,-0.14753504825349154,0.10501658086534887,0.0,-1.0,-1.0
7.92,2.6034636365293835,3.096533108705125,2.3582367898474765,0.23925939435137572,-0.1861733448617781,0.1258165859245577,0.0,-1.0,-1.0
7.94,2.606221847268656,3.0937785564395948,2.3602315294925456,0.32010439717500316,-0.22478561004560066,0.14658914694782538,0.0,-1.0,-1.0
7.96,2.6126183741021722,3.0892848539806907,2.3631624991476388,0.405021533712424,-0.25547400445080637,0.15900784340503338,0.0,-1.0,-1.0
7.98,2.6190149009356887,3.084791151521787,2.3660934688027324,0.48993867024984855,-0.28616239885601347,0.17142653986224196,0.0,-1.0,-1.0
8.0,2.6282695884089193,3.0792645319796943,2.3694424298180845,0.5755176916607102,-0.3158183700477467,0.1762771604115872,0.0,-1.0,-1.0
8.02,2.638500881170665,3.0733849748622872,2.3729342143568277,0.6613228726018686,-0.34512157241457453,0.17854184409902082,0.0,-1.0,-1.0
8.040000000000001,2.650620718168018,3.066860463753667,2.376475843849879,0.7445949925518338,-0.3753831293005685,0.1597243489338899,0.0,-1.0,-1.0
8.06,2.6647268799815915,3.0596576057501688,2.3800698990514935,0.8252029006644603,-0.4066526601213306,0.11873313167882833,0.0,-1.0,-1.0
8.08,2.6796682300520027,3.0521307603668983,2.3832392393078066,0.8738340626773105,-0.41711508964671534,0.07446043897195558,0.0,-1.0,-1.0
8.1,2.6974145577046578,3.0435158042136896,2.38498217552807,0.8150714063159914,-0.3576969237407739,0.019166919518937717,0.0,-1.0,-1.0
8.120000000000001,2.7151608853573146,3.03490084806048,2.386725111748334,0.7563087499546672,-0.29827875783482716,-0.036126599934085055,0.0,-1.0,-1.0
8.14,2.7303292081755766,3.0288926549170037,2.3860422393124328,0.6725441977332411,-0.26577706523177447,-0.05036406296240037,0.0,-1.0,-1.0
8.16,2.7454218779017507,3.0229609587914523,2.3852881800722225,0.5880459499404774,-0.2340652526189777,-0.06339671148609004,0.0,-1.0,-1.0
8.18,2.7577917667763248,3.0180511100817595,2.384114170752895,0.5027048199168329,-0.2040350353153891,-0.07193498274054509,0.0,-1.0,-1.0
8.2,2.7690685871363585,3.0135514850726945,2.382771571218569,0.41702531230121276,-0.17467989947699264,-0.07866897280116773,0.0,-1.0,-1.0
8.22,2.778582605491542,3.0096558235287407,2.381290424072219,0.3316884865135883,-0.14426035841470763,-0.08061280158602661,0.0,-1.0,-1.0
8.24,2.785990232071035,3.006481844665104,2.379643724839075,0.2467611350640978,-0.11256894767935693,-0.07683281323899532,0.0,-1.0,-1.0
8.26,2.7926398127486545,3.003590737498541,2.37803076508593,0.16298413970002673,-0.07951336591081266,-0.06733973774577914,0.0,-1.0,-1.0
8.28,2.796212212105551,3.0018479084246983,2.3765547660331428,0.08387685397950718,-0.04092012262171829,-0.03465518399714631,0.0,-1.0,-1.0
8.3,2.7997846114624476,3.0001050793508552,2.375078766980355,0.0047695682589806165,-0.0023268793326204906,-0.001970630248510588,1.0,-1.0,-1.0
