0.0,1.3,5.55,3.141592653589793,2.473913395039048e-19,-4.420981651509791e-19,-5.446314586041929e-19,0.0,-1.0,-1.0
0.02,1.3,5.55,3.141592653589793,0.11655467876610151,-0.00242036575103776,-0.0026534775480924625,0.0,-1.0,-1.0
0.04,1.3,5.55,3.141592653589793,0.23310935753220302,-0.00484073150207552,-0.005306955096184925,0.0,-1.0,-1.0
0.06,1.3,5.55,3.141592653589793,0.3496640362983045,-0.007261097253113279,-0.007960432644277387,0.0,-1.0,-1.0
0.08,1.3,5.55,3.141592653589793,0.46621871506440604,-0.009681463004151038,-0.010613910192369848,0.0,-1.0,-1.0
0.1,1.3060229943036081,5.549874926950291,3.141455534425414,0.5827733896795965,-0.012101828668985097,-0.013267387706379101,0.0,-1.0,-1.0
0.12,1.3163141708068322,5.5496612211479155,3.1412212460546347,0.6993280613532524,-0.014522194272731083,-0.01592086519623536,0.0,-1.0,-1.0
0.14,1.3266053473100563,5.54944751534554,3.140986957683856,0.8158827330269085,-0.016942559876477074,-0.01857434268609162,0.0,-1.0,-1.0
0.16,1.3368965238132804,5.549233809543165,3.1407526693130774,0.9324374047005645,-0.01936292548022306,-0.02122782017594788,0.0,-1.0,-1.0
0.18,1.3489425123137149,5.548983663445964,3.1404784309851954,1.0489920743580046,-0.021783291047924785,-0.02388129770517058,0.0,-1.0,-1.0
0.2,1.3695248646939366,5.548556251854219,3.1400098542487798,1.1655467342074703,-0.024203656440287536,-0.02653477542589317,0.0,-1.0,-1.0
0.22,1.3901072170741584,5.548128840262474,3.1395412775123637,1.282101394056936,-0.026624021832650287,-0.02918825314661576,0.0,-1.0,-1.0
0.24,1.4106895694543802,5.547701428670728,3.139072700775948,1.3986560539064015,-0.029044387225013034,-0.031841730867338346,0.0,-1.0,-1.0
0.26,1.431271921834602,5.547274017078983,3.1386041240395324,1.5152107137558672,-0.03146475261737579,-0.03449520858806094,0.0,-1.0,-1.0
0.28,1.4596320793600988,5.54668509216442,3.137958478169238,1.631765355732323,-0.033885117690261556,-0.037148686667699854,0.0,-1.0,-1.0
0.3,1.4905056065733033,5.546043974801969,3.1372556130468006,1.74831999193318,-0.03630548265990949,-0.039802164863321284,0.0,-1.0,-1.0
0.32,1.521379133786508,5.545402857439518,3.136552747924364,1.8648746281340374,-0.03872584762955743,-0.04245564305894272,0.0,-1.0,-1.0
0.34,1.5522526609997125,5.544761740077067,3.135849882801927,1.9814292643348947,-0.04114621259920537,-0.045109121254564157,0.0,-1.0,-1.0
0.36,1.5866358111392025,5.544047742144058,3.135067117744032,2.097983876343808,-0.04356657710154958,-0.04776259966391319,0.0,-1.0,-1.0
0.38,1.6278005110973397,5.5431929190482245,3.1341299641936433,2.2145384416072815,-0.04598694070093543,-0.050416078486242334,0.0,-1.0,-1.0
0.4,1.6689652110554771,5.542338095952391,3.133192810643254,2.3310930068707547,-0.04840730430032128,-0.05306955730857148,0.0,-1.0,-1.0
0.42,1.7101299110136141,5.541483272856557,3.132255657092865,2.4476475721342275,-0.05082766789970712,-0.05572303613090062,0.0,-1.0,-1.0
0.44,1.7512946109717515,5.540628449760724,3.131318503542476,2.5642021373977006,-0.05324803149909297,-0.05837651495322976,0.0,-1.0,-1.0
0.46,1.8019919201584798,5.539575673197072,3.1301643308075318,2.562365077601647,-0.03717221670516735,-0.03808287140478646,0.0,-1.0,-1.0
0.48,1.853447786598145,5.538507144488842,3.128992888773855,2.551107005811675,-0.019624568760903426,-0.01596321089802997,0.0,-1.0,-1.0
0.5,1.9049036530378103,5.537438615780613,3.1278214467401786,2.5398489340217036,-0.0020769208166394396,0.006156449608726577,0.0,-1.0,-1.0
0.52,1.9563595194774754,5.536370087072384,3.126650004706502,2.5285908622317317,0.015470727127624533,0.02827611011548313,0.0,-1.0,-1.0
0.54,2.007306891512957,5.536094134655433,3.1264776434923442,2.463468522986375,0.025280035259239244,0.040437874691702846,0.0,-1.0,-1.0
0.56,2.0577687283254718,5.536574972683251,3.1272592533041728,2.346913957754333,0.027700399647478894,0.04309135524130914,0.0,-1.0,-1.0
0.58,2.1082305651379856,5.5370558107110694,3.1280408631160017,2.230359392522291,0.030120764035718534,0.04574483579091541,0.0,-1.0,-1.0
0.6,2.1586924019505,5.537536648738888,3.1288224729278302,2.113804827290249,0.032541128423958184,0.04839831634052169,0.0,-1.0,-1.0
0.62,2.208157985621089,5.53803817489352,3.1296267634328547,1.9972502551908582,0.03496149293412295,0.05105179684529446,0.0,-1.0,-1.0
0.64,2.2483286559548508,5.538732718603386,3.1306426618804806,1.8806956190199897,0.03738185858183328,0.05370527693177626,0.0,-1.0,-1.0
0.66,2.2884993262886124,5.539427262313251,3.1316585603281064,1.7641409828491212,0.03980222422954362,0.05635875701825806,0.0,-1.0,-1.0
0.68,2.328669996622374,5.540121806023116,3.1326744587757323,1.6475863466782528,0.042222589877253955,0.05901223710473986,0.0,-1.0,-1.0
0.7000000000000001,2.3688406669561357,5.540816349732981,3.1336903572233576,1.5310317105073845,0.04464295552496429,0.06166571719122166,0.0,-1.0,-1.0
0.72,2.4019920914391326,5.541656654624796,3.134866055655772,1.4144770582025368,0.047063321353938724,0.06431919675242961,0.0,-1.0,-1.0
0.74,2.4318715890306093,5.5425649041279135,3.136116242698303,1.2979223983770514,0.04948368726740699,0.06697267606878828,0.0,-1.0,-1.0
0.76,2.461751086622086,5.54347315363103,3.1373664297408346,1.1813677385515657,0.051904053180875265,0.06962615538514694,0.0,-1.0,-1.0
0.78,2.4916305842135626,5.544381403134148,3.138616616783366,1.06481307872608,0.05432441909434353,0.07227963470150559,0.0,-1.0,-1.0
0.8,2.5187590160357467,5.5453467810766055,3.139929434493154,0.9482584157362357,0.056744785008641004,0.07493311367753859,0.0,-1.0,-1.0
0.8200000000000001,2.538347338796358,5.546468736396439,3.141413910062593,0.8317037440735306,0.059165150925211143,0.07758659172080852,0.0,-1.0,-1.0
0.84,2.557935661556969,5.547590691716273,3.142898385632032,0.7151490724108261,0.061585516841781276,0.08024006976407842,0.0,-1.0,-1.0
0.86,2.57752398431758,5.5487126470361074,3.1443828612014704,0.598594400748121,0.06400588275835142,0.08289354780734835,0.0,-1.0,-1.0
0.88,2.5971123070781914,5.549834602355941,3.1458673367709094,0.4820397290854159,0.06642624867492156,0.08554702585061828,0.0,-1.0,-1.0
0.9,2.607926569853575,5.551138759173452,3.147551562167524,0.5616250270559919,0.08215304974829703,0.1109505287365922,0.0,-1.0,-1.0
0.92,2.617223716738155,5.5524744203102765,3.1492703261514636,0.6751247346901956,0.1001806561797754,0.14028772073150053,0.0,-1.0,-1.0
0.9400000000000001,2.6265208636227357,5.553810081447102,3.150989090135403,0.7886244423243993,0.11820826261125378,0.1696249127264089,0.0,-1.0,-1.0
0.96,2.635818010507316,5.555145742583926,3.1527078541193427,0.9021241499586024,0.13623586904273205,0.19896210472131706,0.0,-1.0,-1.0
0.98,2.645115157391896,5.556481403720752,3.1544266181032823,1.0156238575928058,0.15426347547421043,0.2282992967162254,0.0,-1.0,-1.0
1.0,2.65999285654803,5.558703445995633,3.157587832793402,1.123615142944573,0.18979919236876472,0.25170725646099995,0.0,-1.0,-1.0
1.02,2.6815413321695574,5.561985034019284,3.162473297298782,1.225021873231704,0.24626342772303086,0.26802764117244665,0.0,-1.0,-1.0
1.04,2.703089807791085,5.565266622042936,3.1673587618041616,1.3264286035188348,0.302727663077297,0.28434802588389335,0.0,-1.0,-1.0
1.06,2.724638283412612,5.568548210066587,3.1722442263095414,1.4278353338059655,0.35919189843156313,0.30066841059534005,0.0,-1.0,-1.0
1.08,2.7461867590341393,5.5718297980902385,3.177129690814921,1.5292420640930964,0.4156561337858293,0.3169887953067867,0.0,-1.0,-1.0
1.1,2.7683748185296775,5.575467512519787,3.182118089857777,1.630637016794047,0.47218296636237134,0.33290874241254903,0.0,-1.0,-1.0
1.12,2.8008692887690105,5.584843934826491,3.1887652011760084,1.731842182594989,0.5297185058660457,0.3423759401461826,0.0,-1.0,-1.0
1.1400000000000001,2.833363759008344,5.594220357133196,3.19541231249424,1.8330473483959313,0.58725404536972,0.35184313787981614,0.0,-1.0,-1.0
1.16,2.8658582292476766,5.603596779439901,3.202059423812471,1.9342525141968723,0.6447895848733938,0.3613103356134496,0.0,-1.0,-1.0
1.18,2.89835269948701,5.612973201746605,3.2087065351307023,2.0354576799978146,0.7023251243770681,0.3707775333470832,0.0,-1.0,-1.0
1.2,2.930847169726343,5.62234962405331,3.215353646448934,2.1366628457987566,0.7598606638807425,0.38024473108071677,0.0,-1.0,-1.0
1.22,2.970566448192491,5.6358333785880745,3.2226765996328397,2.2378996505534623,0.8175565804823904,0.38530378290473405,0.0,-1.0,-1.0
1.24,3.0139851558765636,5.651420273355104,3.230345614479019,2.3391526558862736,0.8753346174259912,0.38810566425959087,0.0,-1.0,-1.0
1.26,3.0574038635606366,5.667007168122133,3.238014629325198,2.440405661219085,0.933112654369592,0.3909075456144477,0.0,-1.0,-1.0
1.28,3.1008225712447093,5.682594062889162,3.2456836441713772,2.5416586665518963,0.9908906913131927,0.3937094269693045,0.0,-1.0,-1.0
1.3,3.1442412789287824,5.6981809576561915,3.253352659017556,2.6429116718847077,1.0486687282567935,0.3965113083241613,0.0,-1.0,-1.0
1.32,3.190548417750077,5.7154160788675314,3.261101602763836,2.744239968921075,1.1062930094452719,0.3971833445258371,0.0,-1.0,-1.0
1.34,3.244896526749738,5.737239621632393,3.2690730568874,2.8457778670572114,1.1634892570809467,0.39192620307097414,0.0,-1.0,-1.0
1.36,3.2992446357493987,5.759063164397256,3.277044511010964,2.9473157651933475,1.2206855047166218,0.3866690616161112,0.0,-1.0,-1.0
1.3800000000000001,3.3535927447490597,5.780886707162119,3.2850159651345274,3.048853663329484,1.277881752352297,0.38141192016124825,0.0,-1.0,-1.0
1.4000000000000001,3.40794085374872,5.802710249926982,3.292987419258091,3.1503915614656206,1.335077999987972,0.3761547787063853,0.0,-1.0,-1.0
1.42,3.4622889627483806,5.8245337926918435,3.300958873381655,3.251929459601756,1.3922742476236465,0.3708976372515224,0.0,-1.0,-1.0
1.44,3.526141780056828,5.851711332930687,3.3084382196619035,3.354003679515668,1.4446023196062399,0.34140173238096455,0.0,-1.0,-1.0
1.46,3.591450042128721,5.879708724482569,3.3158422100490164,3.456160025750307,1.4961849335977386,0.30819417428132756,0.0,-1.0,-1.0
1.48,3.656758304200614,5.907706116034451,3.323246200436129,3.5583163719849464,1.5477675475892374,0.2749866161816905,0.0,-1.0,-1.0
1.5,3.7220665662725065,5.935703507586332,3.3306501908232424,3.6604727182195855,1.5993501615807362,0.24177905808205355,0.0,-1.0,-1.0
1.52,3.7873748283443995,5.963700899138214,3.3380541812103552,3.7626290644542246,1.650932775572235,0.20857149998241653,0.0,-1.0,-1.0
1.54,3.8578671798766813,5.994315934090521,3.343773000207781,3.8212987128996807,1.6748015024670946,0.1554634763932561,0.0,-1.0,-1.0
1.56,3.9342023512364777,6.027881230391176,3.3475925169490135,3.830955908528259,1.6674348021450787,0.07992628077159035,0.0,-1.0,-1.0
1.58,4.010537522596274,6.061446526691831,3.351412033690246,3.8406131041568377,1.6600681018230627,0.0043890851499245875,0.0,-1.0,-1.0
1.6,4.08687269395607,6.095011822992486,3.3552315504314785,3.850270299785416,1.6527014015010466,-0.07114811047174116,0.0,-1.0,-1.0
1.62,4.163207865315867,6.128577119293141,3.359051067172711,3.8599274954139946,1.6453347011790307,-0.14668530609340694,0.0,-1.0,-1.0
1.6400000000000001,4.239619190889763,6.162084323649187,3.362274916601283,3.871472832254275,1.6304071743534978,-0.21741247164308655,0.0,-1.0,-1.0
1.6600000000000001,4.316996774435361,6.194854447264089,3.357940835111139,3.90697523462345,1.5195465600688511,-0.22710913538688823,0.0,-1.0,-1.0
1.68,4.394374357980958,6.227624570878991,3.3536067536209946,3.942477636992625,1.4086859457842058,-0.2368057991306898,0.0,-1.0,-1.0
1.7,4.471751941526555,6.260394694493893,3.34927267213085,3.9779800393618,1.2978253314995591,-0.24650246287449148,0.0,-1.0,-1.0
1.72,4.549129525072153,6.293164818108796,3.344938590640706,4.013482441730975,1.1869647172149125,-0.2561991266182932,0.0,-1.0,-1.0
1.74,4.62650710861775,6.325934941723698,3.3406045091505616,4.048984844100151,1.0761041029302658,-0.2658957903620949,0.0,-1.0,-1.0
1.76,4.706475173778002,6.350615968152799,3.335562897254711,4.027802136580134,0.9692732996149325,-0.2532427554129859,0.0,-1.0,-1.0
1.78,4.787684939903117,6.3714196307266,3.3301821433311902,3.9794484368999776,0.8643741140113423,-0.2298767926923041,0.0,-1.0,-1.0
1.8,4.8688947060282315,6.392223293300402,3.3248013894076696,3.9310947372198206,0.7594749284077522,-0.2065108299716223,0.0,-1.0,-1.0
1.82,4.950104472153345,6.413026955874203,3.3194206354841485,3.882741037539664,0.654575742804162,-0.18314486725094048,0.0,-1.0,-1.0
1.84,5.03131423827846,6.433830618448005,3.314039881560628,3.834387337859507,0.5496765572005717,-0.15977890453025867,0.0,-1.0,-1.0
1.86,5.111068292008223,6.451476238395172,3.309362571671107,3.797188863326452,0.4641741386947601,-0.20401740295350504,0.0,-1.0,-1.0
1.8800000000000001,5.187058687239993,6.46095692548423,3.3065039748219367,3.78883156515213,0.4288209169356979,-0.42304324639019775,0.0,-1.0,-1.0
1.9000000000000001,5.263049082471762,6.4704376125732885,3.3036453779727664,3.780474266977808,0.3934676951766357,-0.6420690898268905,0.0,-1.0,-1.0
1.92,5.339039477703531,6.479918299662347,3.300786781123596,3.7721169688034863,0.3581144734175739,-0.8610949332635809,0.0,-1.0,-1.0
1.94,5.4150298729353,6.489398986751405,3.2979281842744257,3.7637596706291645,0.32276125165851177,-1.0801207767002736,0.0,-1.0,-1.0
1.96,5.491020268167069,6.498879673840463,3.2950695874252554,3.755402372454842,0.2874080298994496,-1.2991466201369661,0.0,-1.0,-1.0
1.98,5.566215164538184,6.504995224608761,3.271362768426583,3.7198596378511386,0.27434642768536655,-1.5159386021013475,2.0,-1.0,-1.0
2.0,5.641303460465732,6.5106598318971844,3.244862193410579,3.6806739318677293,0.26427200326482725,-1.7324312365297418,0.0,-1.0,-1.0
2.02,5.715206603491731,6.516019743046193,3.2118139023992236,3.6231467451131425,0.2483951032673234,-1.9179064649907824,0.0,-1.0,-1.0
2.04,5.788577059191096,6.5212427032821765,3.1758226279765633,3.5573756648105355,0.22991018096408217,-2.0894403876150323,0.0,-1.0,-1.0
2.06,5.860511669112895,6.526062119931592,3.1360866034695793,3.498734367087463,0.18502196495284928,-2.2311459661946182,0.0,-1.0,-1.0
2.08,5.930998823241972,6.530474730006708,3.092575549438851,3.447280502204914,0.113516962499977,-2.3427820135965747,0.0,-1.0,-1.0
2.1,6.000795600399462,6.533927929021853,3.04756663015541,3.4012303400939827,0.03189268392150691,-2.4385064409171298,0.0,-1.0,-1.0
2.12,6.069027097350174,6.535205871323431,2.9991616259372402,3.3674319032575384,-0.07267486084078911,-2.498154717096793,0.0,-1.0,-1.0
2.14,6.13708947245843,6.535960574756981,2.9504581515142014,3.3376219455158718,-0.17805952569712216,-2.5452147783312946,0.0,-1.0,-1.0
2.16,6.2038392986572655,6.532654439001346,2.8994382599081057,3.338766439369928,-0.28978583201570496,-2.4945781283791377,0.0,-1.0,-1.0
2.18,6.270589124856102,6.529348303245711,2.8484183683020103,3.3399109332239845,-0.4015121383342878,-2.4439414784269804,0.0,-1.0,-1.0
2.2,6.337385221470636,6.521525216508221,2.7994456513789054,3.3298280766057635,-0.46435708799021513,-2.266335054133232,0.0,-1.0,-1.0
2.22,6.404185220494844,6.513321173755031,2.750645591523323,3.3187983142717283,-0.5230794233094035,-2.0780201011125565,0.0,-1.0,-1.0
2.24,6.470632099986737,6.503237126432716,2.7078744637629844,3.310512250055103,-0.5634523387811649,-1.8643138500783754,0.0,-1.0,-1.0
2.2600000000000002,6.536948571434521,6.492458788094632,2.667329837712883,3.3032394413295467,-0.5970487614965397,-1.641230520722674,0.0,-1.0,-1.0
2.2800000000000002,6.6030933930196145,6.4808875207020975,2.6320503333368377,3.296869972653981,-0.6261995363686584,-1.4137682032575978,0.0,-1.0,-1.0
2.3000000000000003,6.669091035877045,6.468636367596099,2.6012853324787955,3.291275060025947,-0.6515384538762874,-1.1825511848665238,0.0,-1.0,-1.0
2.32,6.735003703032261,6.456000366244612,2.5740320626893043,3.2859180770695184,-0.67550026835349,-0.9502134200422633,0.0,-1.0,-1.0
2.34,6.800756073647061,6.442638394518895,2.5534032552636488,3.281009920097774,-0.6968643419962995,-0.7157615005685791,0.0,-1.0,-1.0
2.36,6.866475194106066,6.4291316925449165,2.5343627350288394,3.2761506042854935,-0.717871540973688,-0.4810529768866436,0.0,-1.0,-1.0
2.38,6.932012398775002,6.414833153154525,2.524011934053212,3.2715585046079787,-0.7369262337097019,-0.24494053926314902,0.0,-1.0,-1.0
2.4,6.997549603443938,6.400534613764135,2.513661133077584,3.266966404930464,-0.7559809264457158,-0.008828101639654418,0.0,-1.0,-1.0
2.42,7.062893024503498,6.385431978776253,2.5132741228718345,3.2082034800587764,-0.8524199969082581,-5.721848423400418e-16,0.0,-1.0,-1.0
2.44,7.12822891868536,6.370298111377953,2.5132741228718345,3.147336470237073,-0.9518648053110503,-3.4524704024645817e-16,0.0,-1.0,-1.0
2.46,7.193564812867222,6.355164243979654,2.5132741228718345,3.0864694604153695,-1.0513096137138425,-1.1830923815287458e-16,0.0,-1.0,-1.0
2.48,7.256306604747716,6.33579211997745,2.5132741228718345,2.9994005018306438,-1.123530058219837,-2.4326683417235636e-16,0.0,-1.0,-1.0
2.5,7.317599789555673,6.31405325489167,2.5132741228718345,2.8976997655121037,-1.1805477845965375,-5.647310067564398e-16,0.0,-1.0,-1.0
2.52,7.378892974363629,6.29231438980589,2.5132741228718345,2.7959990291935632,-1.2375655109732382,-8.861951793405232e-16,0.0,-1.0,-1.0
2.54,7.43801962874692,6.269360876297571,2.5132741228718345,2.689609382431491,-1.2788564655763197,-8.126379091496079e-16,0.0,-1.0,-1.0
2.56,7.49255798000461,6.243834966348292,2.5132741228718345,2.573289507042669,-1.2868410814993483,9.750032936291696e-17,0.0,-1.0,-1.0
2.58,7.547096331262298,6.218309056399012,2.5132741228718345,2.456969631653848,-1.294825697422377,1.0076385678754422e-15,0.0,-1.0,-1.0
2.6,7.601634682519987,6.192783146449733,2.5132741228718345,2.3406497562650266,-1.3028103133454056,1.9177768063879668e-15,0.0,-1.0,-1.0
2.62,7.648448750011752,6.166727013793928,2.5132741228718345,2.226629825821434,-1.27845211730813,1.115823403801767e-15,0.0,-1.0,-1.0
2.64,7.6952612830966185,6.1406707758108965,2.5132741228718345,2.1126103522553334,-1.2540874964636715,3.1352989910302216e-16,0.0,-1.0,-1.0
2.66,7.742073816181485,6.114614537827866,2.5132741228718345,1.9985908786892326,-1.2297228756192131,-4.887636055957223e-16,0.0,-1.0,-1.0
2.68,7.783745285420509,6.089656884739358,2.5132741228718345,1.8884050819864469,-1.1927031811712552,-4.937369938391288e-16,0.0,-1.0,-1.0
2.7,7.8229847900956715,6.065218913882774,2.5132741228718345,1.7800327944250467,-1.1496970427732436,-1.215405340865184e-16,0.0,-1.0,-1.0
2.72,7.862224294770834,6.04078094302619,2.5132741228718345,1.6716605068636465,-1.106690904375232,2.50655925666092e-16,0.0,-1.0,-1.0
2.74,7.898887447566478,6.017365364037358,2.5132741228718345,1.5651320818482044,-1.0596718582847078,3.640734995100095e-16,0.0,-1.0,-1.0
2.7600000000000002,7.9309290027435555,5.995783806192461,2.5132741228718345,1.4619112759585158,-1.0054542440239391,1.3279685010956734e-17,0.0,-1.0,-1.0
2.7800000000000002,7.962970557920633,5.974202248347563,2.5132741228718345,1.358690470068827,-0.9512366297631708,-3.37514129488096e-16,0.0,-1.0,-1.0
2.8000000000000003,7.994758502298111,5.952753901751953,2.5132741228718345,1.255622833078232,-0.8967511449702102,-6.394920168029614e-16,0.0,-1.0,-1.0
2.82,8.019944262837424,5.934773408885356,2.5132741228718345,1.1565426021117695,-0.8352922564375306,3.293424035981582e-16,0.0,-1.0,-1.0
2.84,8.045130023376737,5.916792916018758,2.5132741228718345,1.0574623711453048,-0.7738333679048495,1.2981768239992995e-15,0.0,-1.0,-1.0
2.86,8.070315783916051,5.89881242315216,2.5132741228718345,0.9583821401788399,-0.7123744793721685,2.2670112444004404e-15,0.0,-1.0,-1.0
2.88,8.090789336823894,5.8837548851549695,2.5132741228718345,0.8616432260321527,-0.6473479454195774,1.459259444165153e-15,0.0,-1.0,-1.0
2.9,8.109394314445332,5.869856413493434,2.5132741228718345,0.7658327359043617,-0.5809067000230799,-5.297852596658081e-17,0.0,-1.0,-1.0
2.92,8.12799929206677,5.855957941831897,2.5132741228718345,0.6700222457765708,-0.5144654546265824,-1.5652164960983141e-15,0.0,-1.0,-1.0
2.94,8.144089883734958,5.843803109451598,2.5132741228718345,0.5752408134893167,-0.44659911830845306,-1.8499434626283307e-15,0.0,-1.0,-1.0
2.96,8.156331250466149,5.834317580800819,2.5132741228718345,0.4820347459929316,-0.37655113779765603,-2.5549752040325185e-16,0.0,-1.0,-1.0
2.98,8.16857261719734,5.824832052150041,2.5132741228718345,0.38882867849654656,-0.30650315728685895,1.3389484218218262e-15,0.0,-1.0,-1.0
3.0,8.180354744719487,5.815691659604979,2.5132741228718345,0.2957788541088186,-0.23625353963358928,2.7522297095447403e-15,0.0,-1.0,-1.0
3.02,8.186405482998971,5.810858628723742,2.5132741228718345,0.20467897226642107,-0.16348745359841294,1.9045430060367406e-15,0.0,-1.0,-1.0
3.04,8.192456221278457,5.806025597842505,2.5132741228718345,0.1135790904240235,-0.09072136756323657,1.0568563025287406e-15,0.0,-1.0,-1.0
3.06,8.198506959557943,5.8011925669612685,2.5132741228718345,0.022479208581625942,-0.017955281528060196,2.091695990207407e-16,0.0,-1.0,-1.0
3.08,8.2,5.8,2.5132741228718345,-0.07148781471911726,0.04863433161780586,0.02302756832921655,4.0,-1.0,-1.0
3.1,8.2,5.8,2.5132741228718345,-0.16639407495550307,0.1132006154114527,0.053598657976461656,0.0,-1.0,-1.0
3.12,8.2,5.8,2.5132741228718345,-0.26130033519188883,0.17776689920509953,0.08416974762370676,0.0,-1.0,-1.0
3.14,8.2,5.8,2.5132741228718345,-0.35620659542827465,0.24233318299874637,0.11474083727095186,0.0,-1.0,-1.0
3.16,8.2,5.8,2.5132741228718345,-0.4511128556646604,0.3068994667923932,0.14531192691819694,0.0,-1.0,-1.0
3.18,8.2,5.8,2.5132741228718345,-0.5460191159010462,0.37146575058604003,0.17588301656544206,0.0,-1.0,-1.0
3.2,8.190277495790118,5.806614378908583,2.516405924157184,-0.6429108960425214,0.43306720819503636,0.20612126301485634,0.0,-1.0,-1.0
3.22,8.17911177238374,5.81421060348241,2.5200026134628475,-0.7400974089380477,0.4942285637509407,0.23631010185465035,0.0,-1.0,-1.0
3.24,8.167946048977361,5.821806828056236,2.5235993027685106,-0.8372839218335739,0.555389919306845,0.2664989406944444,0.0,-1.0,-1.0
3.2600000000000002,8.156780325570983,5.829403052630062,2.5271959920741742,-0.9344704347291002,0.6165512748627494,0.2966877795342384,0.0,-1.0,-1.0
3.2800000000000002,8.145614602164605,5.836999277203888,2.530792681379838,-1.0316569476246262,0.6777126304186537,0.3268766183740325,0.0,-1.0,-1.0
3.3000000000000003,8.134448878758226,5.8445955017777145,2.5343893706855014,-1.1288434605201525,0.7388739859745581,0.3570654572138265,0.0,-1.0,-1.0
3.3200000000000003,8.111983571634735,5.859302773314395,2.5414960255370986,-1.229310271453429,0.7946302766846542,0.3865955917559266,0.0,-1.0,-1.0
3.34,8.089383853051231,5.874094632587085,2.5486444323333184,-1.3298161023771349,0.8503222727556219,0.41611789084066897,0.0,-1.0,-1.0
3.36,8.066784134467728,5.888886491859775,2.5557928391295386,-1.430321933300843,0.9060142688265906,0.44564018992541193,0.0,-1.0,-1.0
3.38,8.044184415884224,5.903678351132466,2.562941245925759,-1.5308277642245511,0.9617062648975594,0.4751624890101549,0.0,-1.0,-1.0
3.4,8.021584697300721,5.918470210405157,2.570089652721979,-1.6313335951482595,1.0173982609685281,0.5046847880948979,0.0,-1.0,-1.0
3.42,7.997734612372497,5.933954919007259,2.5776053385989752,-1.7323787420113967,1.0720298923397706,0.5340589176605589,0.0,-1.0,-1.0
3.44,7.963310380779765,5.955298942726517,2.588227044470299,-1.8379847968565128,1.1176941903369786,0.5621800014827871,0.0,-1.0,-1.0
3.46,7.928886149187033,5.976642966445775,2.598848750341623,-1.943590851701629,1.1633584883341865,0.5903010853050153,0.0,-1.0,-1.0
3.48,7.894461917594301,5.997986990165034,2.609470456212947,-2.049196906546745,1.2090227863313945,0.6184221691272436,0.0,-1.0,-1.0
3.5,7.860037686001569,6.019331013884291,2.6200921620842705,-2.154802961391861,1.2546870843286024,0.6465432529494718,0.0,-1.0,-1.0
3.52,7.8256134544088365,6.04067503760355,2.6307138679555946,-2.260409016236977,1.3003513823258104,0.6746643367717,0.0,-1.0,-1.0
3.54,7.788415533160434,6.063218411030304,2.6420741598807047,-2.367701614787341,1.3409205120162935,0.701913372651007,0.0,-1.0,-1.0
3.56,7.741566747112575,6.089934840318102,2.6560043118235996,-2.480862427629251,1.3637613495893988,0.7261281769324959,0.0,-1.0,-1.0
3.58,7.6947179610647165,6.116651269605899,2.6699344637664946,-2.5940232404711607,1.386602187162504,0.7503429812139848,0.0,-1.0,-1.0
3.6,7.647869175016858,6.143367698893698,2.6838646157093895,-2.7071840533130707,1.4094430247356096,0.7745577854954737,0.0,-1.0,-1.0
3.62,7.601020388969,6.170084128181496,2.697794767652285,-2.8203448661549806,1.4322838623087149,0.7987725897769626,0.0,-1.0,-1.0
3.64,7.554171602921142,6.1968005574692935,2.71172491959518,-2.9335056789968905,1.4551246998818201,0.8229873940584516,0.0,-1.0,-1.0
3.66,7.502786397374106,6.224432636073688,2.7266258007821706,-3.0449303923270534,1.4554377985803222,0.8422538406537663,0.0,-1.0,-1.0
3.68,7.442624239442384,6.253836290356719,2.7434048249308955,-3.1529961432084295,1.4121647846027627,0.851946327036226,0.0,-1.0,-1.0
3.7,7.382462081510662,6.28323994463975,2.7601838490796204,-3.261061894089806,1.368891770625203,0.8616388134186856,0.0,-1.0,-1.0
3.72,7.32229992357894,6.312643598922781,2.7769628732283453,-3.3691276449711824,1.3256187566476436,0.8713312998011452,0.0,-1.0,-1.0
3.74,7.262137765647218,6.342047253205813,2.7937418973770702,-3.477193395852559,1.282345742670084,0.8810237861836049,0.0,-1.0,-1.0
3.7600000000000002,7.201975607715496,6.3714509074888435,2.810520921525795,-3.5852591467339354,1.2390727286925245,0.8907162725660646,0.0,-1.0,-1.0
3.7800000000000002,7.13598740739856,6.398521626392136,2.8278224871460016,-3.652546832563706,1.163280249692004,0.8868674610033738,0.0,-1.0,-1.0
3.8000000000000003,7.063111311724074,6.422834209719149,2.8457418325105985,-3.671624253794005,1.049041316417448,0.8670093180481852,0.0,-1.0,-1.0
3.8200000000000003,6.990235216049588,6.447146793046162,2.8636611778751955,-3.6907016750243042,0.934802383142892,0.8471511750929966,0.0,-1.0,-1.0
3.84,6.917359120375104,6.471459376373174,2.881580523239792,-3.7097790962546027,0.8205634498683384,0.8272930321378085,0.0,-1.0,-1.0
3.86,6.844483024700618,6.495771959700187,2.8994998686043894,-3.7288565174849015,0.7063245165937824,0.80743488918262,0.0,-1.0,-1.0
3.88,6.771606929026132,6.5200845430272,2.9174192139689863,-3.747933938715201,0.5920855833192263,0.7875767462274313,0.0,-1.0,-1.0
3.9,6.697438609434938,6.536659063645711,2.9339934526255895,-3.7360561533150394,0.48045030796559945,0.7631987398125777,0.0,-1.0,-1.0
3.92,6.622318054772879,6.547531434198495,2.9495764870761363,-3.701367589536387,0.37073365859682633,0.7354900625703484,0.0,-1.0,-1.0
3.94,6.547197500110819,6.558403804751279,2.965159521526683,-3.666679025757735,0.26101700922805315,0.7077813853281192,0.0,-1.0,-1.0
3.96,6.47207694544876,6.569276175304062,2.98074255597723,-3.6319904619790826,0.15130035985928003,0.6800727080858898,0.0,-1.0,-1.0
3.98,6.396956390786701,6.580148545856846,2.9963255904277766,-3.5973018982004303,0.04158371049050691,0.6523640308436606,0.0,-1.0,-1.0
4.0,6.321835836124642,6.59102091640963,3.0119086248783233,-3.562613334421778,-0.06813293887826632,0.6246553536014312,0.0,-1.0,-1.0
4.0200000000000005,6.249544464610305,6.592944848007153,3.025231752484653,-3.514922651502983,-0.17231300939605357,0.5960440484208409,0.0,-1.0,-1.0
4.04,6.17850502016745,6.590909052577261,3.037554860505976,-3.461478468691049,-0.27404311729742037,0.5670333260613344,0.0,-1.0,-1.0
4.0600000000000005,6.107465575724591,6.588873257147369,3.0498779685272996,-3.408034285879112,-0.37577322519879164,0.5380226037018265,0.0,-1.0,-1.0
4.08,6.036426131281735,6.586837461717476,3.062201076548623,-3.354590103067178,-0.47750333310015847,0.50901188134232,0.0,-1.0,-1.0
4.1,5.96538668683888,6.584801666287584,3.0745241845699463,-3.301145920255244,-0.5792334410015253,0.4800011589828135,0.0,-1.0,-1.0
4.12,5.894347242396021,6.582765870857692,3.08684729259127,-3.247701737443307,-0.6809635489028966,0.4509904366233056,0.0,-1.0,-1.0
4.14,5.828405480244934,6.571026722465826,3.0964032623037547,-3.187273496662597,-0.7785844298797466,0.4216716492368521,0.0,-1.0,-1.0
4.16,5.763653744973964,6.557022377815908,3.105313258261884,-3.125214864610034,-0.875246033636719,0.3922809457046061,0.0,-1.0,-1.0
4.18,5.698902009702997,6.543018033165991,3.1142232542200126,-3.063156232557474,-0.9719076373936871,0.3628902421723614,0.0,-1.0,-1.0
4.2,5.634150274432027,6.529013688516073,3.123133250178142,-3.001097600504911,-1.0685692411506595,0.33349953864011533,0.0,-1.0,-1.0
4.22,5.56939853916106,6.515009343866156,3.132043246136271,-2.939038968452351,-1.1652308449076276,0.3041088351078707,0.0,-1.0,-1.0
4.24,5.504646803890091,6.501004999216239,3.1409532420943997,-2.876980336399788,-1.2618924486646002,0.27471813157562464,0.0,-1.0,-1.0
4.26,5.446672309119034,6.476444525401032,3.146653565848815,-2.802520787846498,-1.3492094646004482,0.24509482206483454,0.0,-1.0,-1.0
4.28,5.389221773144625,6.45106794114459,3.1521057449512115,-2.7271025055302274,-1.4358040362036826,0.21545352943117566,0.0,-1.0,-1.0
4.3,5.331771237170218,6.42569135688815,3.1575579240536076,-2.65168422321396,-1.5223986078069134,0.18581223679751807,0.0,-1.0,-1.0
4.32,5.276240131850513,6.398110900173182,3.1622557183572693,-2.5702049533280285,-1.6024450646182,0.15629346602577432,0.0,-1.0,-1.0
4.34,5.22417745626141,6.366548024641017,3.165590332043891,-2.4777734203676895,-1.6706590147598042,0.12699609344180865,0.0,-1.0,-1.0
4.36,5.172114780672304,6.33498514910885,3.1689249457305126,-2.3853418874073467,-1.7388729649014114,0.0976987208578417,0.0,-1.0,-1.0
4.38,5.1200521050832,6.303422273576684,3.1722595594171343,-2.2929103544470077,-1.8070869150430156,0.06840134827387605,0.0,-1.0,-1.0
4.4,5.073168155114384,6.268037527737431,3.1739527088853396,-2.1871788369121217,-1.8500109512128462,0.0408298661528943,0.0,-1.0,-1.0
4.42,5.0277087616406355,6.231601467237305,3.1751943267055656,-2.0777887784930313,-1.8859782737334745,0.013733139531449015,0.0,-1.0,-1.0
4.44,4.982249368166885,6.1951654067371775,3.176435944525792,-1.968398720073936,-1.9219455962541045,-0.013363587089997464,0.0,-1.0,-1.0
4.46,4.938448897492404,6.158183894372226,3.1772666348976966,-1.8577142306448113,-1.948306564192031,-0.038816042332806965,0.0,-1.0,-1.0
4.48,4.900804298312572,6.119178338701662,3.176572470365802,-1.7422264128389935,-1.9390206145221978,-0.05816699404954819,0.0,-1.0,-1.0
4.5,4.863159699132741,6.0801727830311,3.1758783058339075,-1.6267385950331807,-1.929734664852365,-0.07751794576628857,0.0,-1.0,-1.0
4.5200000000000005,4.8255150999529075,6.0411672273605355,3.175184141302013,-1.511250777227363,-1.920448715182532,-0.09686889748302979,0.0,-1.0,-1.0
4.54,4.79315319431274,6.002586433602203,3.173604817196039,-1.4027929135070214,-1.8842371420942374,-0.10952812560443805,0.0,-1.0,-1.0
4.5600000000000005,4.763759011602639,5.964244263503803,3.1715282262421884,-1.2982843525013097,-1.8328992344144357,-0.11842806286287416,0.0,-1.0,-1.0
4.58,4.73436482889254,5.925902093405404,3.1694516352883384,-1.1937757914956026,-1.7815613267346362,-0.12732800012130988,0.0,-1.0,-1.0
4.6000000000000005,4.70548064206052,5.8878104493983985,3.1673316131430784,-1.0904945023382344,-1.7283932305303458,-0.1356574320624528,0.0,-1.0,-1.0
4.62,4.6835525208738895,5.853135844650963,3.1646192132326503,-1.0039525318866218,-1.65026236096466,-0.13620548260681234,0.0,-1.0,-1.0
4.64,4.66162439968726,5.818461239903528,3.1619068133222217,-0.9174105614350089,-1.5721314913989743,-0.13675353315117186,0.0,-1.0,-1.0
4.66,4.639696278500629,5.783786635156091,3.159194413411793,-0.8308685909833922,-1.494000621833285,-0.13730158369553142,0.0,-1.0,-1.0
4.68,4.620836690525672,5.751882329800594,3.1564625811809743,-0.7522689483336406,-1.4086042028409353,-0.13504003121667107,0.0,-1.0,-1.0
4.7,4.605091102803633,5.722789371890949,3.1537110286973715,-0.6817293164700411,-1.3158345793917556,-0.12992724529128108,0.0,-1.0,-1.0
4.72,4.589345515081594,5.693696413981304,3.1509594762137687,-0.6111896846064448,-1.2230649559425801,-0.12481445936589133,0.0,-1.0,-1.0
4.74,4.573599927359555,5.66460345607166,3.1482079237301654,-0.5406500527428454,-1.1302953324934002,-0.11970167344050134,0.0,-1.0,-1.0
4.76,4.562512381414259,5.641636483940828,3.1457939909619883,-0.4814099801618796,-1.030117471568099,-0.11114708462637284,0.0,-1.0,-1.0
4.78,4.55180612469313,5.619170961233768,3.1434076944335714,-0.4230948456554905,-0.9293332010708969,-0.10231076318379662,0.0,-1.0,-1.0
4.8,4.541099867972001,5.596705438526708,3.141021397905155,-0.364779711149104,-0.8285489305736995,-0.0934744417412208,0.0,-1.0,-1.0
4.82,4.531861514311015,5.576776847961355,3.1388575284258358,-0.30967303295312726,-0.7261318992709591,-0.08374326848653392,0.0,-1.0,-1.0
4.84,4.525321274017481,5.561511324535588,3.1371024961584184,-0.2604637325166612,-0.6207137339867728,-0.07236729204170557,0.0,-1.0,-1.0
4.86,4.518781033723947,5.546245801109821,3.1353474638910015,-0.21125443208019293,-0.5152955687025815,-0.060991315596876705,0.0,-1.0,-1.0
4.88,4.512240793430412,5.530980277684055,3.1335924316235846,-0.16204513164372686,-0.4098774034183951,-0.049615339152048354,0.0,-1.0,-1.0
4.9,4.508443928841009,5.521591725295258,3.132471600149772,-0.11819656851666308,-0.30223701387197605,-0.03682325794677383,0.0,-1.0,-1.0
4.92,4.505419186809531,5.513857245260856,3.131529264365871,-0.0758567838618577,-0.19397117973951686,-0.023632614332319335,0.0,-1.0,-1.0
4.94,4.502394444778052,5.506122765226454,3.13058692858197,-0.03351699920705044,-0.08570534560705284,-0.010441970717864256,0.0,-1.0,-1.0
4.96,4.5,5.5,3.1298409571988066,-0.01896467609024684,0.00022287737562489917,-0.02583681091761407,1.0,-1.0,-1.0
4.98,4.5,5.5,3.1298409571988066,-0.10997451719587457,0.0012924466340259464,-0.14982543297994844,0.0,-1.0,-1.0
5.0,4.5,5.5,3.1298409571988066,-0.20098435830149827,0.002362015892426946,-0.2738140550422773,0.0,-1.0,-1.0
5.0200000000000005,4.49711865597707,5.500033862238988,3.125915514952666,-0.2748053332238079,-0.05565336696163258,-0.3412214202213284,0.0,-1.0,-1.0
5.04,4.492387237233275,5.500089466995304,3.1194695956617813,-0.3375895535784439,-0.15160645368475872,-0.3722986727163207,0.0,-1.0,-1.0
5.0600000000000005,4.487624544357142,5.5000972755137205,3.1130081961419203,-0.4002845883462263,-0.24761496466136448,-0.40335562418422116,0.0,-1.0,-1.0
5.08,4.479629100169595,5.495164472120638,3.10494663294732,-0.4537606679799747,-0.34935258192224683,-0.4323140946694406,0.0,-1.0,-1.0
5.1000000000000005,4.471633655982049,5.490231668727554,3.0968850697527195,-0.5072367476137255,-0.45109019918313364,-0.4612725651546613,0.0,-1.0,-1.0
5.12,4.462497859270475,5.483129357969186,3.0882059806449265,-0.558713197513409,-0.5537056543970893,-0.49113082493718085,0.0,-1.0,-1.0
5.14,4.451722301169422,5.472907420308759,3.0786389247653494,-0.6073142947812631,-0.6575833901351288,-0.5222829300151616,0.0,-1.0,-1.0
5.16,4.440946743068369,5.4626854826483315,3.0690718688857714,-0.6559153920491193,-0.7614611258731729,-0.5534350350931436,0.0,-1.0,-1.0
5.18,4.428122602604316,5.448084999866413,3.0581917222197594,-0.6991608445313802,-0.8673897562471927,-0.586550425183027,0.0,-1.0,-1.0
5.2,4.4148203711260905,5.432462667479842,3.0470051310011015,-0.7411564152938093,-0.9737970172656006,-0.6201239998884788,0.0,-1.0,-1.0
5.22,4.401056634682254,5.415670986077515,3.0354495872677236,-0.7808630033461008,-1.0808771905157228,-0.6544521956767826,0.0,-1.0,-1.0
5.24,4.38557113787527,5.39451675402886,3.022517573370289,-0.8120299656177494,-1.1904678321134932,-0.6915956952352819,0.0,-1.0,-1.0
5.26,4.370085641068287,5.373362521980207,3.0095855594728556,-0.8431969278893966,-1.3000584737112584,-0.7287391947937795,0.0,-1.0,-1.0
5.28,4.353608542848827,5.3487215774937,2.995471795929577,-0.8632889085682064,-1.41284127655958,-0.7573193098834823,0.0,-1.0,-1.0
5.3,4.336502738307122,5.321869948224032,2.9806087661344534,-0.8763590043862761,-1.5276480095219456,-0.7804699712757609,0.0,-1.0,-1.0
5.32,4.319388383179145,5.294943211251373,2.965730590947112,-0.888884308348437,-1.642402807444148,-0.8029429735277406,0.0,-1.0,-1.0
5.34,4.301603090621798,5.262123010653011,2.949664004790258,-0.8586615204561847,-1.7530824272162027,-0.7722422088423201,0.0,-1.0,-1.0
5.36,4.28381779806445,5.229302810054647,2.9335974186334037,-0.8284387325639312,-1.8637620469882625,-0.7415414441568983,0.0,-1.0,-1.0
5.38,4.266681709846101,5.194105142173952,2.9181903040552606,-0.7773381985756572,-1.9577686247836892,-0.6951156713984236,0.0,-1.0,-1.0
5.4,4.250467639294922,5.155530930567725,2.9037197889575004,-0.6965865214958996,-2.0280956946884916,-0.6263568142952877,0.0,-1.0,-1.0
5.42,4.234253568743744,5.116956718961499,2.889249273859741,-0.6158348444161457,-2.0984227645932907,-0.5575979571921549,0.0,-1.0,-1.0
5.44,4.221455862449131,5.075407177348757,2.8776877423301794,-0.5595652978658134,-2.1146134592913994,-0.38094345913843564,0.0,-1.0,-1.0
5.46,4.209439909309066,5.033176802708936,2.86679186203397,-0.5088979006573217,-2.118416340830471,-0.17959962723724815,0.0,-1.0,-1.0
5.48,4.197988667688805,4.990904043199713,2.8581400516442623,-0.45171596857100427,-2.1243770429491238,0.00957345568734129,2.0,-1.0,-1.0
5.5,4.188606810707345,4.948475964391026,2.857711632543807,-0.37066153179461575,-2.1382450758093383,0.15414684462381584,0.0,-1.0,-1.0
5.5200000000000005,4.179224953725884,4.906047885582337,2.8572832134433512,-0.28960709501822357,-2.152113108669553,0.2987202335602968,0.0,-1.0,-1.0
5.54,4.17010868799644,4.863574365359746,2.857328518285756,-0.20726157792338884,-2.1637742671590456,0.4388019878446043,0.0,-1.0,-1.0
5.5600000000000005,4.165853655560799,4.820269110987354,2.8660446004433466,-0.10128485090979542,-2.135042035110604,0.4966713810331713,0.0,-1.0,-1.0
5.58,4.161598623125158,4.776963856614963,2.874760682600937,0.004691876103793291,-2.106309803062164,0.5545407742217358,0.0,-1.0,-1.0
5.6000000000000005,4.157343590689518,4.7336586022425715,2.8834767647585275,0.11066860311738672,-2.0775775710137223,0.6124101674103029,0.0,-1.0,-1.0
5.62,4.1590491988513385,4.691969386727294,2.8954476997891074,0.21185676577527557,-2.0238547411566032,0.6392836666912438,0.0,-1.0,-1.0
5.64,4.1614973662274215,4.6504814926177165,2.907824114893916,0.31244838305733236,-1.9670186555395814,0.6622957879459366,0.0,-1.0,-1.0
5.66,4.163945533603505,4.608993598508137,2.920200529998725,0.41304000033939364,-1.9101825699225572,0.6853079092006304,0.0,-1.0,-1.0
5.68,4.171017021590939,4.5701179642786744,2.9336346119090027,0.5073313555841034,-1.8425298023315788,0.6908171509798889,0.0,-1.0,-1.0
5.7,4.17982777185694,4.532225044737034,2.9474665809944707,0.5992525944064903,-1.7708078713582505,0.6897419266152276,0.0,-1.0,-1.0
5.72,4.1886385221229405,4.494332125195395,2.961298550079938,0.691173833228873,-1.6990859403849254,0.6886667022505664,0.0,-1.0,-1.0
5.74,4.200728817662193,4.458998084567109,2.975092157552486,0.7786319208275659,-1.6226948168402224,0.678489559957974,0.0,-1.0,-1.0
5.76,4.215353735322593,4.425641693447747,2.9888561169535452,0.8626406272227453,-1.542695071430827,0.6612779294656955,0.0,-1.0,-1.0
5.78,4.229978652982995,4.392285302328382,3.002620076354605,0.9466493336179284,-1.462695326021428,0.6440662989734163,0.0,-1.0,-1.0
5.8,4.246736909471607,4.360960445444602,3.015946959157279,1.0280863882053068,-1.3807305646613024,0.6224820967857607,0.0,-1.0,-1.0
5.82,4.266675514021198,4.332664167932044,3.028622255023179,1.1056896646172296,-1.2958363883455846,0.5943793333039518,0.0,-1.0,-1.0
5.84,4.286614118570789,4.304367890419486,3.0412975508890785,1.183292941029149,-1.2109422120298705,0.5662765698221441,0.0,-1.0,-1.0
5.86,4.30772536625148,4.277354426949451,3.0535481931309882,1.259677454969846,-1.1253038130458737,0.5363384793908564,0.0,-1.0,-1.0
5.88,4.332572503858209,4.254427843734237,3.064445943641519,1.3321791487091221,-1.0372944165303928,0.5005532737719207,0.0,-1.0,-1.0
5.9,4.357419641464939,4.231501260519022,3.07534369415205,1.4046808424484014,-0.9492850200149081,0.4647680681529833,0.0,-1.0,-1.0
5.92,4.38261676115783,4.20899951858138,3.086068701375213,1.4768695018178088,-0.861114646886789,0.42855134963509794,0.0,-1.0,-1.0
5.94,4.412049748446071,4.191639672392087,3.0947029796090755,1.5452694754344687,-0.7709959579903852,0.38711198807943803,0.0,-1.0,-1.0
5.96,4.4414827357343105,4.174279826202795,3.103337257842937,1.6136694490511254,-0.6808772690939855,0.34567262652377995,0.0,-1.0,-1.0
5.98,4.470915723022552,4.156919980013503,3.1119715360767994,1.6820694226677853,-0.5907585801975817,0.3042332649681201,0.0,-1.0,-1.0
6.0,4.504301909461632,4.144768573324739,3.118210812671753,1.7474044684256336,-0.499270514222412,0.2588266496534778,0.0,-1.0,-1.0
6.0200000000000005,4.538061305983199,4.133108880324416,3.1242239840984363,1.8124501632210486,-0.4076531693232527,0.2130454974014988,0.0,-1.0,-1.0
6.04,4.5718207025047635,4.121449187324095,3.130237155525119,1.877495858016461,-0.31603582442409744,0.1672643451495219,0.0,-1.0,-1.0
6.0600000000000005,4.608670538064112,4.114142400693749,3.1340751813013603,1.940435832490973,-0.22358953630126738,0.11885027015754943,0.0,-1.0,-1.0
6.08,4.646544180245011,4.108277653304456,3.1371926206196474,2.002678219864971,-0.13086863426407258,0.06956395542802696,0.0,-1.0,-1.0
6.1000000000000005,4.684417822425911,4.102412905915164,3.140310059937934,2.0649206072389714,-0.038147732226873676,0.020277640698502297,0.0,-1.0,-1.0
6.12,4.7246086428208445,4.1,3.141592653589793,2.159152797614197,-1.5670681847371843e-15,8.584919007015877e-16,3.0,-1.0,-1.0
6.140000000000001,4.766419216921459,4.1,3.141592653589793,2.27574649719116,-1.7636358346741071e-15,6.425895114465644e-16,0.0,-1.0,-1.0
6.16,4.808229791022072,4.1,3.141592653589793,2.3923401967681177,-1.9602034846110213e-15,4.266871221915505e-16,0.0,-1.0,-1.0
6.18,4.850040365122685,4.1,3.141592653589793,2.5089338963450754,-2.1567711345479353e-15,2.1078473293653667e-16,0.0,-1.0,-1.0
6.2,4.8918509392233,4.1,3.141592653589793,2.6255275959220383,-2.353338784484858e-15,-5.117656318486735e-18,0.0,-1.0,-1.0
6.22,4.933661513323912,4.1,3.141592653589793,2.742121295498996,-2.549906434421772e-15,-2.2102004557350048e-16,0.0,-1.0,-1.0
6.24,4.9802958860565525,4.1,3.141592653589793,2.8587149858690046,-2.621899925501078e-15,-3.637387438967615e-16,0.0,-1.0,-1.0
6.26,5.03669936690431,4.1,3.141592653589793,2.9753086575931778,-2.4416070922403515e-15,-3.5824657283807736e-16,0.0,-1.0,-1.0
6.28,5.09310284775207,4.1,3.141592653589793,3.091902329317356,-2.2613142589796168e-15,-3.52754401779393e-16,0.0,-1.0,-1.0
6.3,5.149506328599829,4.1,3.141592653589793,3.2084960010415293,-2.0810214257188903e-15,-3.4726223072070883e-16,0.0,-1.0,-1.0
6.32,5.205909809447589,4.1,3.141592653589793,3.3250896727657073,-1.9007285924581555e-15,-3.4177005966202445e-16,0.0,-1.0,-1.0
6.34,5.262313290295347,4.1,3.141592653589793,3.4416833444898804,-1.720435759197429e-15,-3.362778886033403e-16,0.0,-1.0,-1.0
6.36,5.319775353590778,4.1,3.141592653589793,3.558277006614761,-1.5111490990358066e-15,-3.265644736266825e-16,0.0,-1.0,-1.0
6.38,5.390771737699617,4.1,3.141592653589793,3.6748705460094886,-9.31166934004808e-16,-2.6288108253410733e-16,0.0,-1.0,-1.0
6.4,5.461768121808459,4.1,3.141592653589793,3.791464085404222,-3.511847689737839e-16,-1.9919769144152927e-16,0.0,-1.0,-1.0
6.42,5.532764505917298,4.1,3.141592653589793,3.9080576247989494,2.287973960572148e-16,-1.3551430034895407e-16,0.0,-1.0,-1.0
6.44,5.60376089002614,4.1,3.141592653589793,4.024651164193682,8.087795610882391e-16,-7.183090925637604e-17,0.0,-1.0,-1.0
6.46,5.674757274134979,4.1,3.141592653589793,4.14124470358841,1.3887617261192374e-15,-8.147518163800811e-18,0.0,-1.0,-1.0
6.48,5.745753658243821,4.1,3.141592653589793,4.257838242983143,1.9687438911502616e-15,5.553587292877722e-17,0.0,-1.0,-1.0
6.5,5.828636299538932,4.1,3.141592653589793,4.279463641014553,1.5317992075201884e-15,5.202494508256035e-17,0.0,-1.0,-1.0
6.5200000000000005,5.914225570346458,4.1,3.141592653589793,4.279463764569336,8.632892651701453e-16,3.321314296986196e-17,0.0,-1.0,-1.0
6.54,5.999814841153982,4.1,3.141592653589793,4.279463888124118,1.947793228201317e-16,1.4401340857164392e-17,0.0,-1.0,-1.0
6.5600000000000005,6.085404111961508,4.1,3.141592653589793,4.2794640116789,-4.737306195299117e-16,-4.410461255534005e-18,0.0,-1.0,-1.0
6.58,6.170993382769032,4.1,3.141592653589793,4.279464135233682,-1.1422405618799254e-15,-2.3222263368231563e-17,0.0,-1.0,-1.0
6.6000000000000005,6.256582653576558,4.1,3.141592653589793,4.279464258788464,-1.810750504229969e-15,-4.203406548092996e-17,0.0,-1.0,-1.0
6.62,6.342171932989996,4.1,3.141592653589793,4.2233301731655395,-1.8233644789414655e-15,4.29936756352795e-17,0.0,-1.0,-1.0
6.640000000000001,6.42776121926168,4.1,3.141592653589793,4.122461503301965,-1.3132805507656374e-15,2.1077342951038361e-16,0.0,-1.0,-1.0
6.66,6.513350505533361,4.1,3.141592653589793,4.021592833438396,-8.031966225898319e-16,3.785531833854803e-16,0.0,-1.0,-1.0
6.68,6.598939791805041,4.1,3.141592653589793,3.920724163574826,-2.931126944140263e-16,5.46332937260577e-16,0.0,-1.0,-1.0
6.7,6.684529078076725,4.1,3.141592653589793,3.819855493711252,2.1697123376180218e-16,7.141126911356811e-16,0.0,-1.0,-1.0
6.72,6.770118364348406,4.1,3.141592653589793,3.7189868238476818,7.270551619376078e-16,8.818924450107779e-16,0.0,-1.0,-1.0
6.74,6.851939282729742,4.1,3.141592653589793,3.6134244041077523,9.765850210591839e-16,9.024990209711102e-16,0.0,-1.0,-1.0
6.76,6.9249038122746995,4.1,3.141592653589793,3.496830770002544,6.137627384607105e-16,5.7722034161006e-16,0.0,-1.0,-1.0
6.78,6.997868341819661,4.1,3.141592653589793,3.380237135897331,2.5094045586222103e-16,2.519416622489952e-16,0.0,-1.0,-1.0
6.8,7.070832871364619,4.1,3.141592653589793,3.2636435017921226,-1.118818267362525e-16,-7.333701711205504e-17,0.0,-1.0,-1.0
6.82,7.14379740090958,4.1,3.141592653589793,3.147049867686909,-4.74704109334742e-16,-3.9861569647312e-16,0.0,-1.0,-1.0
6.84,7.216761930454538,4.1,3.141592653589793,3.0304562335817007,-8.375263919332154e-16,-7.238943758341701e-16,0.0,-1.0,-1.0
6.86,7.28913583460935,4.1,3.141592653589793,2.9138625972873795,-1.1765687060151101e-15,-1.0308782445056272e-15,0.0,-1.0,-1.0
6.88,7.34750746560163,4.1,3.141592653589793,2.797268909094711,-9.518465417674562e-16,-9.041372157968693e-16,0.0,-1.0,-1.0
6.9,7.405879096593912,4.1,3.141592653589793,2.6806752209020375,-7.271243775197923e-16,-7.773961870881056e-16,0.0,-1.0,-1.0
6.92,7.464250727586191,4.1,3.141592653589793,2.564081532709369,-5.024022132721384e-16,-6.506551583793475e-16,0.0,-1.0,-1.0
6.94,7.522622358578473,4.1,3.141592653589793,2.447487844516695,-2.776800490244745e-16,-5.239141296705839e-16,0.0,-1.0,-1.0
6.96,7.580993989570752,4.1,3.141592653589793,2.3308941563240264,-5.2957884776820564e-17,-3.971731009618259e-16,0.0,-1.0,-1.0
6.98,7.639365620563034,4.1,3.141592653589793,2.214300468131353,1.7176427947084322e-16,-2.7043207225306224e-16,0.0,-1.0,-1.0
7.0,7.686318936132725,4.1,3.141592653589793,2.097706765831595,5.154208717796054e-16,-3.251899647851955e-16,0.0,-1.0,-1.0
7.0200000000000005,7.7300976618027235,4.1,3.141592653589793,1.9811130596096933,8.921443413005821e-16,-4.304092976307757e-16,0.0,-1.0,-1.0
7.04,7.773876387472719,4.1,3.141592653589793,1.8645193533877966,1.2688678108215423e-15,-5.356286304763511e-16,0.0,-1.0,-1.0
7.0600000000000005,7.817655113142718,4.1,3.141592653589793,1.7479256471658946,1.645591280342519e-15,-6.408479633219314e-16,0.0,-1.0,-1.0
7.08,7.861433838812713,4.1,3.141592653589793,1.631331940943998,2.022314749863479e-15,-7.460672961675068e-16,0.0,-1.0,-1.0
7.1000000000000005,7.905212564482712,4.1,3.141592653589793,1.514738234722096,2.399038219384456e-15,-8.51286629013087e-16,0.0,-1.0,-1.0
7.12,7.941338189110532,4.1,3.141592653589793,1.398144523772571,2.1828425913731005e-15,-7.837936292049514e-16,0.0,-1.0,-1.0
7.140000000000001,7.970524007201701,4.1,3.141592653589793,1.281550808536043,1.4289899004163158e-15,-5.596856613589757e-16,0.0,-1.0,-1.0
7.16,7.999709825292869,4.1,3.141592653589793,1.1649570932995204,6.751372094595647e-16,-3.3557769351301005e-16,0.0,-1.0,-1.0
7.18,8.028895643384036,4.1,3.141592653589793,1.0483633780629975,-7.871548149718646e-17,-1.1146972566704438e-16,0.0,-1.0,-1.0
7.2,8.058081461475206,4.1,3.141592653589793,0.9317696628264696,-8.325681724539711e-16,1.1263824217893116e-16,0.0,-1.0,-1.0
7.22,8.087267279566372,4.1,3.141592653589793,0.8151759475899468,-1.5864208634107223e-15,3.3674621002489693e-16,0.0,-1.0,-1.0
7.24,8.11256521246083,4.1,3.141592653589793,0.6985822309123959,-2.0483478544169456e-15,4.798075981633325e-16,0.0,-1.0,-1.0
7.26,8.127158121844895,4.1,3.141592653589793,0.5819885102670931,-1.7064775820935628e-15,3.997128236816965e-16,0.0,-1.0,-1.0
7.28,8.141751031228962,4.1,3.141592653589793,0.46539478962178504,-1.3646073097701648e-15,3.1961804920005694e-16,0.0,-1.0,-1.0
7.3,8.156343940613029,4.1,3.141592653589793,0.3488010689764822,-1.022737037446782e-15,2.39523274718421e-16,0.0,-1.0,-1.0
7.32,8.170936849997096,4.1,3.141592653589793,0.23220734833117418,-6.808667651233837e-16,1.5942850023678142e-16,0.0,-1.0,-1.0
7.34,8.185529759381161,4.1,3.141592653589793,0.11561362768587136,-3.3899649280000067e-16,7.93337257551454e-17,0.0,-1.0,-1.0
7.36,8.2,4.1,3.141592653589793,-0.0009798274585406924,6.26120453638194e-19,-3.3619802259505625e-05,4.0,-1.0,-1.0
7.38,8.2,4.1,3.141592653589793,-0.11754196361279483,7.51105992539344e-17,-0.004033095357157761,0.0,-1.0,-1.0
7.4,8.2,4.1,3.141592653589793,-0.23410409976705412,1.495950780542339e-16,-0.008032570912056195,0.0,-1.0,-1.0
7.42,8.2,4.1,3.141592653589793,-0.35066623592130824,2.240795568545301e-16,-0.012032046466954452,0.0,-1.0,-1.0
7.44,8.2,4.1,3.141592653589793,-0.46722837207556756,2.985640356548296e-16,-0.016031522021852884,0.0,-1.0,-1.0
7.46,8.2,4.1,3.141592653589793,-0.5837905082298217,3.730485144551258e-16,-0.02003099757675114,0.0,-1.0,-1.0
7.48,8.2,4.1,3.141592653589793,-0.7003526443840811,4.475329932554254e-16,-0.024030473131649573,0.0,-1.0,-1.0
7.5,8.2,4.1,3.141592653589793,-0.8169147805383351,5.220174720557215e-16,-0.02802994868654783,0.0,-1.0,-1.0
7.5200000000000005,8.187070697819838,4.1,3.141149023868191,-0.9334769141446606,2.951722606059961e-16,-0.03202936268372026,0.0,-1.0,-1.0
7.54,8.170186321128165,4.1,3.1405696877813107,-1.050039046971568,-2.3849725805201994e-17,-0.036028757850379484,0.0,-1.0,-1.0
7.5600000000000005,8.15330194443649,4.1,3.13999035169443,-1.16660117979848,-3.4287171221641424e-16,-0.04002815301703889,0.0,-1.0,-1.0
7.58,8.136417567744818,4.1,3.1394110156075494,-1.2831633126253874,-6.618936986276123e-16,-0.04402754818369811,0.0,-1.0,-1.0
7.6000000000000005,8.119533191053145,4.1,3.138831679520669,-1.3997254454522996,-9.809156850388245e-16,-0.048026943350357516,0.0,-1.0,-1.0
7.62,8.102648814361473,4.1,3.1382523434337886,-1.516287578279207,-1.2999376714500228e-15,-0.05202633851701674,0.0,-1.0,-1.0
7.640000000000001,8.085764437669798,4.1,3.137673007346908,-1.6328497111061193,-1.6189596578612348e-15,-0.056025733683676145,0.0,-1.0,-1.0
7.66,8.060047764521762,4.1,3.136790623924659,-1.7494118410360577,-1.818420139571513e-15,-0.060025058461915914,0.0,-1.0,-1.0
7.68,8.026279011620392,4.1,3.1356319633953764,-1.8659739683249366,-1.908880795920775e-15,-0.06402431906962314,0.0,-1.0,-1.0
7.7,7.9925102587190215,4.1,3.1344733028660943,-1.9825360956138203,-1.9993414522700403e-15,-0.06802357967733054,0.0,-1.0,-1.0
7.72,7.958741505817652,4.1,3.1333146423368117,-2.099098222902699,-2.0898021086193023e-15,-0.07202284028503776,0.0,-1.0,-1.0
7.74,7.924972752916281,4.1,3.1321559818075295,-2.215660350191583,-2.1802627649685678e-15,-0.07602210089274516,0.0,-1.0,-1.0
7.76,7.891204000014911,4.1,3.130997321278247,-2.332222477480461,-2.2707234213178297e-15,-0.08002136150045239,0.0,-1.0,-1.0
7.78,7.85743524711354,4.1,3.1298386607489648,-2.448784604769345,-2.3611840776670956e-15,-0.08402062210815979,0.0,-1.0,-1.0
7.8,7.8189312033355085,4.1,3.1285175318201297,-2.56534672896195,-2.2302619135994592e-15,-0.08801980643848156,0.0,-1.0,-1.0
7.82,7.7682780750266405,4.1,3.126779566339715,-2.681908845210613,-1.5313495945499233e-15,-0.09201879506796325,0.0,-1.0,-1.0
7.84,7.717624946717774,4.1,3.1250416008593005,-2.798470961459271,-8.324372755004183e-16,-0.09601778369744474,0.0,-1.0,-1.0
7.86,7.666971818408906,4.1,3.123303635378886,-2.9150330777079336,-1.335249564508822e-16,-0.10001677232692642,0.0,-1.0,-1.0
7.88,7.616318690100041,4.1,3.1215656698984717,-3.0315951939565915,5.65387362598623e-16,-0.10401576095640791,0.0,-1.0,-1.0
7.9,7.565665561791172,4.1,3.119827704418057,-3.1481573102052547,1.2642996816481585e-15,-0.1080147495858896,0.0,-1.0,-1.0
7.92,7.5150124334823065,4.1,3.1180897389376425,-3.2647194264539126,1.9632120006976637e-15,-0.11201373821537108,0.0,-1.0,-1.0
7.94,7.4637210195172985,4.1,3.1163298752868496,-3.3812815414511666,2.6072918615961025e-15,-0.11601269594120514,0.0,-1.0,-1.0
7.96,7.396183517400145,4.1,3.1140126442521687,-3.4978436245966824,1.8557380588630586e-15,-0.12001086708601717,0.0,-1.0,-1.0
7.98,7.328646015282988,4.1,3.1116954132174874,-3.614405707742204,1.1041842561299813e-15,-0.1240090382308294,0.0,-1.0,-1.0
8.0,7.261108513165834,4.1,3.1093781821828066,-3.73096779088772,3.526304533969371e-16,-0.12800720937564145,0.0,-1.0,-1.0
8.02,7.193571011048681,4.1,3.1070609511481257,-3.8475298740332358,-3.9892334933610686e-16,-0.13200538052045346,0.0,-1.0,-1.0
8.040000000000001,7.126033508931521,4.1,3.1047437201134445,-3.9640919571787627,-1.1504771520692175e-15,-0.13600355166526587,0.0,-1.0,-1.0
8.06,7.058496006814368,4.1,3.1024264890787636,-4.080654040324278,-1.902030954802262e-15,-0.14000172281007792,0.0,-1.0,-1.0
8.08,6.990958504697214,4.1,3.1001092580440823,-4.1972161234697944,-2.6535847575353054e-15,-0.14399989395488996,0.0,-1.0,-1.0
8.1,6.90999535170048,4.1,3.0973315166230173,-4.21231273577129,-2.359627396398767e-15,-0.13735048689364182,0.0,-1.0,-1.0
8.120000000000001,6.825573480570122,4.1,3.0944351384491875,-4.201269798706289,-1.7963252970585394e-15,-0.12795804918525977,0.0,-1.0,-1.0
8.14,6.741151609439772,4.1,3.091538760275358,-4.190226861641288,-1.233023197718362e-15,-0.11856561147687855,0.0,-1.0,-1.0
8.16,6.656729738309421,4.1,3.0886423821015287,-4.1791839245762885,-6.697210983781844e-16,-0.10917317376849733,0.0,-1.0,-1.0
8.18,6.57230786717907,4.1,3.085746003927699,-4.168140987511288,-1.0641899903800705e-16,-0.09978073606011612,0.0,-1.0,-1.0
8.2,6.48788599604872,4.1,3.0828496257538696,-4.1570980504462876,4.568831003021707e-16,-0.09038829835173488,0.0,-1.0,-1.0
8.22,6.403464124918362,4.1,3.0799532475800397,-4.146055113381286,1.0201851996423981e-15,-0.08099586064335283,0.0,-1.0,-1.0
8.24,6.319926037450214,4.1,3.077808561002935,-4.076712652675417,1.373746076022114e-15,-0.07458293652498771,0.0,-1.0,-1.0
8.26,6.237103769032542,4.1,3.0762727057360597,-3.9601505935083234,1.5574274111903387e-15,-0.07058326429178374,0.0,-1.0,-1.0
8.28,6.15428150061487,4.1,3.074736850469184,-3.8435885343412295,1.741108746358563e-15,-0.06658359205857978,0.0,-1.0,-1.0
8.3,6.071459232197189,4.1,3.073200995202309,-3.7270264751741253,1.9247900815268042e-15,-0.06258391982537545,0.0,-1.0,-1.0
8.32,5.988636963779517,4.1,3.0716651399354333,-3.6104644160070314,2.108471416695029e-15,-0.058584247592171484,0.0,-1.0,-1.0
8.34,5.905814695361845,4.1,3.070129284668558,-3.4939023568399374,2.2921527518632534e-15,-0.05458457535896752,0.0,-1.0,-1.0
8.36,5.822992426944173,4.1,3.0685934294016826,-3.377340297672844,2.475834087031478e-15,-0.05058490312576355,0.0,-1.0,-1.0
8.38,5.745401801112881,4.1,3.0672370910010702,-3.2607782242830763,2.4607252589670822e-15,-0.04658523215085876,0.0,-1.0,-1.0
8.4,5.67946389823506,4.1,3.0662806003105207,-3.1442161192144042,2.002840255012832e-15,-0.042585563978633514,0.0,-1.0,-1.0
8.42,5.613525995357238,4.1,3.0653241096199713,-3.027654014145732,1.544955251058582e-15,-0.038585895806408275,0.0,-1.0,-1.0
8.44,5.547588092479416,4.1,3.0643676189294218,-2.91109190907706,1.087070247104332e-15,-0.03458622763418303,0.0,-1.0,-1.0
8.46,5.481650189601589,4.1,3.0634111282388723,-2.794529804008378,6.291852431500411e-16,-0.030586559461957433,0.0,-1.0,-1.0
8.48,5.4157122867237675,4.1,3.0624546375483224,-2.677967698939706,1.7130023919579121e-16,-0.02658689128973219,0.0,-1.0,-1.0
8.5,5.349774383845945,4.1,3.061498146857773,-2.561405593871034,-2.86584764758459e-16,-0.02258722311750695,0.0,-1.0,-1.0
8.52,5.2849711212356505,4.1,3.0605805897860208,-2.4448434877683005,-7.135849850510816e-16,-0.018587555608975893,0.0,-1.0,-1.0
8.540000000000001,5.235917590546657,4.1,3.060203463083552,-2.3282813673119382,-7.11879229503037e-16,-0.014587897313060837,0.0,-1.0,-1.0
8.56,5.186864059857667,4.1,3.059826336381083,-2.2117192468555866,-7.101734739549925e-16,-0.010588239017146136,0.0,-1.0,-1.0
8.58,5.137810529168678,4.1,3.059449209678615,-2.095157126399235,-7.084677184069481e-16,-0.0065885807212314376,0.0,-1.0,-1.0
8.6,5.088756998479687,4.1,3.059072082976146,-1.9785950059428832,-7.067619628589037e-16,-0.002588922425316737,0.0,-1.0,-1.0
8.620000000000001,5.039703467790694,4.1,3.058694956273677,-1.8620328854865211,-7.050562073108591e-16,0.0014107358705983154,0.0,-1.0,-1.0
8.64,4.990649937101704,4.1,3.0583178295712083,-1.7454707650301695,-7.033504517628146e-16,0.005410394166513018,0.0,-1.0,-1.0
8.66,4.941596406412715,4.1,3.0579407028687395,-1.6289086445738177,-7.016446962147702e-16,0.009410052462427716,0.0,-1.0,-1.0
8.68,4.906464885638912,4.1,3.0580412895283398,-1.5560858866611726,0.08061071384066654,0.01190705615799435,0.0,-1.0,-1.0
8.700000000000001,4.874295729367704,4.1,3.0582435253833387,-1.4925701135700429,0.17837400253694036,0.014084320773151547,0.0,-1.0,-1.0
8.72,4.8421265730964995,4.1,3.058445761238337,-1.4290543404789187,0.27613729123320546,0.016261585388308554,0.0,-1.0,-1.0
8.74,4.809957416825295,4.1,3.058647997093336,-1.3655385673877944,0.3739005799294706,0.018438850003465557,0.0,-1.0,-1.0
8.76,4.77778826055409,4.1,3.058850232948335,-1.3020227942966704,0.4716638686257357,0.02061611461862256,0.0,-1.0,-1.0
8.78,4.745619104282885,4.1,3.0590524688033334,-1.2385070212055465,0.5694271573220009,0.022793379233779568,0.0,-1.0,-1.0
8.8,4.713449948011677,4.1,3.0592547046583323,-1.1749912481144165,0.6671904460182747,0.024970643848936765,0.0,-1.0,-1.0
8.82,4.6866345274605825,4.108240454068909,3.0596404618463007,-1.1132263090541743,0.7660494696513283,0.027510219602234272,0.0,-1.0,-1.0
8.84,4.663665822331713,4.122401761054396,3.060158081042174,-1.0527193626593245,0.8656957903607353,0.030310119718853105,0.0,-1.0,-1.0
8.86,4.640727971350248,4.1366138804250845,3.06067712798372,-0.9922563491370346,0.9653673555168198,0.033118864799206935,0.0,-1.0,-1.0
8.88,4.620871726791101,4.155900966558347,3.061338773266371,-0.9361812002493451,1.0675602494261056,0.036811014521813595,0.0,-1.0,-1.0
8.9,4.601015482231956,4.175188052691608,3.062000418549022,-0.8801060513616606,1.1697531433353823,0.04050316424441994,0.0,-1.0,-1.0
8.92,4.582422433634421,4.196777221894679,3.062745236301328,-0.8271437951582146,1.273506775695775,0.044797472320254675,0.0,-1.0,-1.0
8.94,4.565450679208283,4.2213210821960345,3.0635968047434483,-0.7781768927387622,1.3792635938094269,0.04986464213569133,0.0,-1.0,-1.0
8.96,4.5484789247821436,4.245864942497393,3.0644483731855683,-0.7292099903193056,1.4850204119230883,0.05493181195112842,0.0,-1.0,-1.0
8.98,4.53368834004038,4.275119608550954,3.06552565239641,-0.6914358765344467,1.5951176458962435,0.06203156716725103,0.0,-1.0,-1.0
9.0,4.519235429517017,4.305103570294717,3.0666378746508665,-0.6553945560214669,1.705886834253962,0.06944599376883538,0.0,-1.0,-1.0
9.02,4.505327497821694,4.3367624668520515,3.0678622100427555,-0.6276255104546408,1.8182064830096587,0.07819510968862424,0.0,-1.0,-1.0
9.040000000000001,4.492728542846597,4.3724443649757845,3.0693558283487326,-0.6197255217587962,1.9342501600434592,0.09014999646843959,0.0,-1.0,-1.0
9.06,4.480129587871501,4.408126263099514,3.0708494466547096,-0.6118255330629524,2.050293837077249,0.10210488324825386,0.0,-1.0,-1.0
9.08,4.467824021560273,4.448117774903216,3.0727870438566134,-0.6518557605050225,2.1547707417569892,0.11923638862098897,0.0,-1.0,-1.0
9.1,4.455631439816386,4.489768927644036,3.0748956182285414,-0.7103440110402316,2.254793259028798,0.13836142027488188,0.0,-1.0,-1.0
9.120000000000001,4.4429876183429915,4.532191759025021,3.077151743160306,-0.7771764995422347,2.342877869844235,0.1573630611693806,0.0,-1.0,-1.0
9.14,4.427786417185474,4.578988042360628,3.080244103865278,-0.8912995594640959,2.3633049641643145,0.1756653908094541,0.0,-1.0,-1.0
9.16,4.412585216027956,4.625784325696234,3.083336464570251,-1.0054226193859572,2.3837320584843944,0.1939677204495276,0.0,-1.0,-1.0
9.18,4.393990912298455,4.673187946640235,3.086972989459197,-1.118490674700419,2.374858607199899,0.20868383390247436,0.0,-1.0,-1.0
9.200000000000001,4.372919252536312,4.721034994051929,3.091006816933408,-1.2307884550311097,2.344592379872482,0.22078159612169246,0.0,-1.0,-1.0
9.22,4.3518128755462255,4.7688726845599465,3.0950443844705777,-1.3430412837154253,2.3142032516534026,0.23285914283918635,0.0,-1.0,-1.0
9.24,4.324964649056257,4.81516284561786,3.099700517483784,-1.4478596021157044,2.263487661182472,0.24159326684337637,0.0,-1.0,-1.0
9.26,4.298116422566289,4.861453006675775,3.10435665049699,-1.5526779205159835,2.2127720707115413,0.2503273908475664,0.0,-1.0,-1.0
9.28,4.268928015287136,4.9066108880678465,3.1092077821470467,-1.6551804972989055,2.1577556141222765,0.2582619788123388,0.0,-1.0,-1.0
9.3,4.2366879635201675,4.950292253193788,3.114313196080773,-1.754663298783078,2.097130738540981,0.2651539551298524,0.0,-1.0,-1.0
9.32,4.204447911753202,4.993973618319726,3.119418610014499,-1.8541461002672417,2.036505862959691,0.2720459314473654,0.0,-1.0,-1.0
9.34,4.167796496058229,5.034966695768906,3.1248296347197972,-1.9493916747509918,1.9696205831994231,0.26472682707407774,1.0,-1.0,-1.0
9.36,4.130439076527161,5.07552953408042,3.130289570007084,-2.0439591146338514,1.9017333753647547,0.2551333518607252,0.0,-1.0,-1.0
9.38,4.093081656996089,5.116092372391938,3.135749505294372,-2.13852655451672,1.8338461675300803,0.24553987664737187,0.0,-1.0,-1.0
9.4,4.055724237465021,5.156655210703452,3.1412094405816586,-2.2330939943995793,1.7659589596954122,0.23594640143401935,0.0,-1.0,-1.0
9.42,4.018366817933953,5.197218049014966,3.1466693758689455,-2.3276614342824393,1.6980717518607438,0.22635292622066686,0.0,-1.0,-1.0
9.44,3.9727201330686,5.2318302654291085,3.1512883995103227,-2.4184938383170698,1.6258611187964713,0.21009946863802584,0.0,-1.0,-1.0
9.46,3.9259392665429065,5.265628285898086,3.155792365118414,-2.5088151947511164,1.5530589315464465,0.192934756612825,0.0,-1.0,-1.0
9.48,3.8791584000172175,5.299426306367061,3.1602963307265046,-2.5991365511851545,1.480256744296428,0.17577004458762566,0.0,-1.0,-1.0
9.5,3.832377533491528,5.333224326836036,3.1648002963345956,-2.689457907619193,1.4074545570464096,0.15860533256242632,0.0,-1.0,-1.0
9.52,3.785596666965839,5.367022347305011,3.169304261942686,-2.7797792640532313,1.3346523697963915,0.141440620537227,0.0,-1.0,-1.0
9.540000000000001,3.7307402736788458,5.394311209423959,3.1722735507392,-2.8558651012743286,1.249271628812156,0.1098863989973305,0.0,-1.0,-1.0
9.56,3.674959073466501,5.420854644662618,3.175067088803225,-2.9303206910647166,1.162450395591544,0.07668429510313114,0.0,-1.0,-1.0
9.58,3.6191778732541566,5.4473980799012764,3.1778606268672505,-3.004776280855105,1.0756291623709322,0.04348219120893179,0.0,-1.0,-1.0
9.6,3.5633966730418125,5.473941515139935,3.1806541649312754,-3.079231870645493,0.9888079291503203,0.010280087314732428,0.0,-1.0,-1.0
9.620000000000001,3.507615472829463,5.5004849503785955,3.1834477029953008,-3.153687460435888,0.9019866959297007,-0.022922016579469878,0.0,-1.0,-1.0
9.64,3.4450466687340393,5.5191134910955535,3.183214433670477,-3.184266777502461,0.7911331429737163,-0.03943827919630262,0.0,-1.0,-1.0
9.66,3.3818461251968457,5.537005372582989,3.1826994517349707,-3.2107624190165187,0.6780428413041083,-0.05440154840992509,0.0,-1.0,-1.0
9.68,3.3186455816596525,5.554897254070426,3.182184469799465,-3.2372580605305763,0.5649525396345003,-0.06936481762354754,0.0,-1.0,-1.0
9.700000000000001,3.255445038122453,5.572789135557863,3.181669487863959,-3.263753702044636,0.4518622379648824,-0.08432808683717134,0.0,-1.0,-1.0
9.72,3.1922444945852595,5.5906810170452985,3.181154505928453,-3.2902493435586937,0.33877193629527447,-0.09929135605079381,0.0,-1.0,-1.0
9.74,3.1265820446384884,5.598064840503879,3.179249175759042,-3.2136185137780573,0.2558378610498109,-0.09923269099228964,0.0,-1.0,-1.0
9.76,3.0607412660086935,5.6046875106781044,3.177243135437315,-3.1295176974295593,0.17508815809496928,-0.09808590912122213,0.0,-1.0,-1.0
9.78,2.9949004873788985,5.611310180852331,3.175237095115588,-3.045416881081061,0.09433845514012767,-0.09693912725015463,0.0,-1.0,-1.0
9.8,2.9290597087490977,5.617932851026557,3.1732310547938605,-2.9613160647325554,0.013588752185278885,-0.09579234537908701,0.0,-1.0,-1.0
9.82,2.8632189301193027,5.624555521200783,3.171225014472133,-2.877215248384057,-0.06716095076956274,-0.0946455635080195,0.0,-1.0,-1.0
9.84,2.805340118877249,5.623533479594422,3.169327541941478,-2.765218898211168,-0.09668887028611242,-0.09401308357826312,0.0,-1.0,-1.0
9.86,2.7478798101644366,5.62210961127116,3.1674357760274092,-2.6517562833713324,-0.12352443439887725,-0.09340763674883862,0.0,-1.0,-1.0
9.88,2.690419501451619,5.620685742947897,3.1655440101133405,-2.538293668531487,-0.15035999851164444,-0.09280218991941405,0.0,-1.0,-1.0
9.9,2.632959192738806,5.619261874624635,3.163652244199272,-2.4248310536916513,-0.17719556262440928,-0.09219674308998956,0.0,-1.0,-1.0
9.92,2.5754988840259934,5.617838006301372,3.161760478285203,-2.3113684388518156,-0.2040311267371741,-0.09159129626056506,0.0,-1.0,-1.0
9.94,2.5289793205330735,5.613826492080786,3.1599270931824197,-2.194912038651567,-0.2069123949523414,-0.08859565581314464,0.0,-1.0,-1.0
9.96,2.4828253233598185,5.609728516091073,3.1580956587747577,-2.0783556062255233,-0.20899327127321488,-0.08552015112735037,0.0,-1.0,-1.0
9.98,2.436671326186567,5.605630540101359,3.1562642243670953,-1.9617991737994904,-0.21107414759408816,-0.08244464644155637,0.0,-1.0,-1.0
10.0,2.390517329013316,5.601532564111645,3.1544327899594333,-1.8452427413734573,-0.21315502391496144,-0.07936914175576237,0.0,-1.0,-1.0
10.02,2.3443633318400647,5.597434588121932,3.1526013555517713,-1.7286863089474243,-0.21523590023583475,-0.07629363706996838,0.0,-1.0,-1.0
10.040000000000001,2.3096528781802714,5.593132311106283,3.1510718750643276,-1.612560291645926,-0.20599675892241537,-0.06946268057119795,0.0,-1.0,-1.0
10.06,2.2751134849786347,5.5888269801565915,3.1495469082466117,-1.4964407082788498,-0.19658840364126506,-0.06257558680105374,0.0,-1.0,-1.0
10.08,2.2405740917769976,5.5845216492069,3.1480219414288957,-1.3803211249117733,-0.18718004836011473,-0.05568849303090953,0.0,-1.0,-1.0
10.1,2.2060346985753605,5.580216318257209,3.14649697461118,-1.264201541544697,-0.17777169307896443,-0.04880139926076532,0.0,-1.0,-1.0
10.120000000000001,2.1715285935463635,5.575913684414636,3.1449739821268174,-1.1480841127351937,-0.16834615723343702,-0.04190496786268969,0.0,-1.0,-1.0
10.14,2.148560273224066,5.572545876331254,3.1441352997551046,-1.0327134603199306,-0.15296578406358724,-0.0317720854316195,0.0,-1.0,-1.0
10.16,2.125591952901768,5.569178068247872,3.143296617383392,-0.9173428079046677,-0.13758541089373746,-0.021639203000549306,0.0,-1.0,-1.0
10.18,2.1026236325794705,5.56581026016449,3.142457935011679,-0.8019721554894048,-0.12220503772388767,-0.011506320569479114,0.0,-1.0,-1.0
10.200000000000001,2.079655312257171,5.5624424520811075,3.141619252639966,-0.6866015030741315,-0.10682466455403652,-0.0013734381384080188,0.0,-1.0,-1.0
10.22,2.056922459070514,5.559106034757329,3.1408012510978396,-0.5712359001125629,-0.09138210200328922,0.008516749899595551,0.0,-1.0,-1.0
10.24,2.0454505822293636,5.55727084859438,3.1409722892029652,-0.4561117821397752,-0.07296539554356751,0.006800325354162465,0.0,-1.0,-1.0
10.26,2.033978705388213,5.555435662431429,3.141143327308091,-0.34098766416698756,-0.0545486890838458,0.005083900808729379,0.0,-1.0,-1.0
10.28,2.022506828547063,5.553600476268478,3.141314365413217,-0.2258635461941999,-0.03613198262412409,0.003367476263296292,0.0,-1.0,-1.0
10.3,2.0110349517059114,5.551765290105528,3.1414854035183426,-0.11073942822140204,-0.017715276164400745,0.0016510517178630535,0.0,-1.0,-1.0
10.32,2.0,5.55,3.1416499273583445,-0.003816836636101504,-2.186046183329168e-07,-0.003705565509646897,3.0,-1.0,-1.0
10.34,2.0,5.55,3.1416499273583445,-0.10403144156648433,-5.958272712843278e-06,-0.10099864325902973,0.0,-1.0,-1.0
10.36,2.0,5.55,3.1416499273583445,-0.20424604649686717,-1.169794080735364e-05,-0.19829172100841255,0.0,-1.0,-1.0
10.38,2.0,5.55,3.1416499273583445,-0.30446065142725887,-1.743760890186451e-05,-0.295584798757804,0.0,-1.0,-1.0
10.4,1.995759771983764,5.5499997571461614,3.1375333134741172,-0.37007435511853903,-0.061765076880467513,-0.37072976150441594,0.0,-1.0,-1.0
10.42,1.9889063219299734,5.549999364623249,3.13087966005306,-0.4143637721697955,-0.1615638049299197,-0.4322250002281878,0.0,-1.0,-1.0
10.44,1.9820528718761827,5.549998972100337,3.1242260066320022,-0.45865318922105197,-0.2613625329793719,-0.4937202389519596,0.0,-1.0,-1.0
10.46,1.9745957322778658,5.548638267053764,3.1167341386864074,-0.502060560740262,-0.36113815442488245,-0.5567885284976991,0.0,-1.0,-1.0
10.48,1.9647134292152435,5.541812865355853,3.105874965047692,-0.5419245470582806,-0.4608209511855885,-0.626176134678141,0.0,-1.0,-1.0
10.5,1.9548311261526212,5.5349874636579415,3.095015791408977,-0.5817885333762994,-0.5605037479462947,-0.6955637408585831,0.0,-1.0,-1.0
10.52,1.944948823089999,5.52816206196003,3.084156617770262,-0.6216525196943181,-0.6601865447070007,-0.764951347039025,0.0,-1.0,-1.0
10.540000000000001,1.9329402794847785,5.516019841161759,3.0695964910899303,-0.6501304989891302,-0.7616382675670132,-0.8424914984875056,0.0,-1.0,-1.0
10.56,1.920331768606785,5.502377358567343,3.053992056082973,-0.6753956566653837,-0.8635891332785772,-0.9223320765587628,0.0,-1.0,-1.0
10.58,1.907723257728791,5.488734875972926,3.038387621076016,-0.7006608143416371,-0.9655399989901412,-1.00217265463002,0.0,-1.0,-1.0
10.6,1.8944917974763484,5.472578645836011,3.020814599971064,-0.7173804198229,-1.0699385176872516,-1.0767975459711028,0.0,-1.0,-1.0
10.620000000000001,1.880155459637846,5.451963974241993,2.9997500485024653,-0.7189434339854952,-1.1786782509888054,-1.1421717732928673,0.0,-1.0,-1.0
10.64,1.865819121799345,5.431349302647977,2.9786854970338688,-0.7205064481480902,-1.2874179842903497,-1.2075460006146264,0.0,-1.0,-1.0
10.66,1.8514827839608436,5.410734631053961,2.957620945565272,-0.7220694623106851,-1.396157717591894,-1.2729202279363852,0.0,-1.0,-1.0
10.68,1.837045845403918,5.38312111354211,2.932348694389029,-0.6686584332019477,-1.4983599736946778,-1.2758761356787074,0.0,-1.0,-1.0
10.700000000000001,1.8226026165638076,5.355069977656659,2.906813347450387,-0.6118100300334096,-1.6001534595269522,-1.2749291994639382,0.0,-1.0,-1.0
10.72,1.8081593877236986,5.327018841771211,2.8812780005117475,-0.5549616268648765,-1.7019469453592175,-1.2739822632491693,0.0,-1.0,-1.0
10.74,1.7957446441978733,5.295335473851236,2.855776442494136,-0.4760184922005323,-1.7774684676816725,-1.2471455772327347,0.0,-1.0,-1.0
10.76,1.7851891490072056,5.260322911819996,2.830305854380386,-0.3768239943835551,-1.828909902229775,-1.1965791289757524,0.0,-1.0,-1.0
10.78,1.7746336538165377,5.225310349788756,2.8048352662666365,-0.27762949656657804,-1.8803513367778772,-1.14601268071877,0.0,-1.0,-1.0
10.8,1.7647726633790664,5.189937623417844,2.7797187163247554,-0.17767827122313654,-1.9271728373700983,-1.0932281914519728,0.0,-1.0,-1.0
10.82,1.761000855425122,5.151407098085588,2.757706253179592,-0.07109231519185481,-1.9334883215675833,-1.0209966697458737,0.0,-1.0,-1.0
10.84,1.7572290474711774,5.112876572753333,2.735693790034429,0.03549364083942691,-1.9398038057650684,-0.9487651480397743,0.0,-1.0,-1.0
10.86,1.753457239517233,5.074346047421077,2.7136813268892657,0.14207959687070862,-1.9461192899625532,-0.8765336263336752,0.0,-1.0,-1.0
10.88,1.7546638764815015,5.035520536788882,2.6950426726919416,0.2450423938860873,-1.9354931572433414,-0.7991369378228707,0.0,-1.0,-1.0
10.9,1.7581812408652953,4.9965581097837815,2.6779699598622737,0.34632351459069965,-1.9170036335689975,-0.7193428555961408,0.0,-1.0,-1.0
10.92,1.7616986052490888,4.957595682778681,2.6608972470326058,0.447604635295312,-1.8985141098946536,-0.639548773369411,0.0,-1.0,-1.0
10.94,1.7670417993956204,4.918966572806298,2.645263009697742,0.5489602621402647,-1.8765574368480935,-0.5626819684944349,0.0,-1.0,-1.0
10.96,1.7774855504335685,4.8812686024850125,2.6336472335841217,0.6505240260280778,-1.8449150893838318,-0.4939926755508945,0.0,-1.0,-1.0
10.98,1.7879293014715152,4.84357063216373,2.6220314574705026,0.7520877899158818,-1.8132727419195729,-0.4253033826073602,0.0,-1.0,-1.0
11.0,1.7983730525094621,4.805872661842448,2.6104156813568835,0.8536515538036857,-1.7816303944553138,-0.35661408966382596,0.0,-1.0,-1.0
11.02,1.8146805026231134,4.770001536022363,2.6027656241977994,0.9522064515944277,-1.7468013586263993,-0.2822914549405032,0.0,-1.0,-1.0
11.040000000000001,1.8320699696429148,4.734467514240133,2.5958473533903748,1.0502061292172733,-1.7113842894348095,-0.20692931069167655,0.0,-1.0,-1.0
11.06,1.8499890795819,4.699124905331607,2.5893363801072304,1.1471813466265206,-1.6742087628434845,-0.1307294897723069,0.0,-1.0,-1.0
11.08,1.872760303947481,4.665535849868774,2.5865567022344265,1.2347713763899555,-1.6209238232707766,-0.04685562486826965,0.0,-1.0,-1.0
11.1,1.8955315283130618,4.63194679440594,2.5837770243616225,1.3223614061533904,-1.5676388836980684,0.03701824003576756,0.0,-1.0,-1.0
11.120000000000001,1.9199988464820743,4.5993895487971415,2.5826214804560927,1.404411159563543,-1.5022660603159899,0.1059873975681915,0.0,-1.0,-1.0
11.14,1.9475801712227885,4.568726692908847,2.5844478257816874,1.4762890363131418,-1.4147000365671412,0.14759170263153987,0.0,-1.0,-1.0
11.16,1.9751614959635029,4.538063837020553,2.5862741711072816,1.5481669130627405,-1.3271340128182925,0.18919600769488826,0.0,-1.0,-1.0
11.18,2.00513804121118,4.5103189851869265,2.5894869163819565,1.5763921004800079,-1.2220988440172054,0.19888553695423758,0.0,-1.0,-1.0
11.200000000000001,2.0366666166018956,4.484464911357739,2.5935980067171474,1.5763316709900068,-1.1057441997793647,0.1878952607793611,0.0,-1.0,-1.0
11.22,2.0681951919926087,4.458610837528553,2.5977090970523378,1.576271241500006,-0.9893895555415342,0.17690498460448562,0.0,-1.0,-1.0
11.24,2.0997209100992937,4.438258353509809,2.6013005348045675,1.5257483767926672,-0.8874107904523785,0.15653067543933427,0.0,-1.0,-1.0
11.26,2.131246166939786,4.418794019693368,2.604808082342771,1.4670790992135547,-0.7877527981605608,0.13464145311527806,0.0,-1.0,-1.0
11.28,2.1624002621405127,4.3999601559519155,2.6081771512770744,1.4050241099344485,-0.6909111590244568,0.11296444571579682,0.0,-1.0,-1.0
11.3,2.190703632713195,4.385968647608904,2.610482628707565,1.316965000906491,-0.6157006542570362,0.09291736513824292,0.0,-1.0,-1.0
11.32,2.2190070032858746,4.371977139265895,2.6127881061380553,1.2289058918785414,-0.5404901494896224,0.07287028456069078,0.0,-1.0,-1.0
11.34,2.2455240239195313,4.359511336577738,2.6146869123954826,1.1360209922440867,-0.47205588190006986,0.05388800782984142,0.0,-1.0,-1.0
11.36,2.268991534126445,4.349650093724679,2.615891482906923,1.0348978978134522,-0.415189451875016,0.03672347708594679,0.0,-1.0,-1.0
11.38,2.292459044333361,4.33978885087162,2.6170960534183627,0.9337748033828088,-0.358323021849957,0.01955894634205063,0.0,-1.0,-1.0
11.4,2.312463566539378,4.331875014453653,2.6177128198842303,0.828940241001193,-0.308792121808325,0.004125196590924448,0.0,-1.0,-1.0
11.42,2.3303777936184167,4.325136652562444,2.617974781790636,0.7218653984424979,-0.2636890230106414,-0.010263835975471805,0.0,-1.0,-1.0
11.44,2.348292020697455,4.318398290671234,2.6182367436970417,0.6147905558838027,-0.2185859242129578,-0.02465286854186806,0.0,-1.0,-1.0
11.46,2.3610447326994675,4.313834111985918,2.6178050860121362,0.5052580421538378,-0.17914972519371897,-0.03326478994373695,0.0,-1.0,-1.0
11.48,2.3730788300222994,4.309572635112699,2.6172768587710746,0.3953833578491761,-0.140502503307255,-0.04107238997404575,0.0,-1.0,-1.0
11.5,2.384316540551874,4.305591278608437,2.6166920409733208,0.2855896078503043,-0.10181497713862062,-0.04554946108344284,0.0,-1.0,-1.0
11.52,2.3903167518077773,4.3034521553523595,2.6157350510073676,0.17632812856633923,-0.06286238674443581,-0.028123051432104893,0.0,-1.0,-1.0
11.540000000000001,2.3963169630636805,4.301313032096282,2.614778061041415,0.0670666492823645,-0.023909796350247536,-0.010696641780765397,0.0,-1.0,-1.0
11.56,2.4,4.3,2.614190643491937,-0.037529182893360186,0.02185821327978155,0.01807151009837347,0.0,-1.0,-1.0
11.58,2.4,4.3,2.614190643491937,-0.13470919378785767,0.07845900340887438,0.0648668147877987,0.0,-1.0,-1.0
11.6,2.4,4.3,2.614190643491937,-0.23188920468235516,0.13505979353796718,0.11166211947722392,0.0,-1.0,-1.0
11.620000000000001,2.4,4.3,2.614190643491937,-0.3290692155768613,0.19166058366706504,0.1584574241666533,0.0,-1.0,-1.0
11.64,2.4,4.3,2.614190643491937,-0.42624922647135877,0.24826137379615787,0.20525272885607854,0.0,-1.0,-1.0
11.66,2.395793408904875,4.302450055083782,2.6162162525671806,-0.49986917535755,0.32629898205785823,0.2468253502716874,0.0,-1.0,-1.0
11.68,2.386174839477485,4.308052221871898,2.620847903488889,-0.5431779905460634,0.4319160703837955,0.281678742726122,0.0,-1.0,-1.0
11.700000000000001,2.3765562700500933,4.313654388660013,2.6254795544105978,-0.5864868057345807,0.537533158709742,0.31653213518055967,0.0,-1.0,-1.0
11.72,2.366937700622703,4.319256555448129,2.6301112053323057,-0.6297956209230942,0.6431502470356794,0.3513855276349943,0.0,-1.0,-1.0
11.74,2.3573191311953123,4.324858722236244,2.634742856254014,-0.6731044361116075,0.7487673353616167,0.3862389200894289,0.0,-1.0,-1.0
11.76,2.3456065764960927,4.335567485139846,2.641059671966197,-0.7136475416483495,0.8545895227143642,0.425869221057779,0.0,-1.0,-1.0
11.78,2.33170143782597,4.351623296534821,2.6491410011912655,-0.7512947096003219,0.9606264665148678,0.4705013590394955,0.0,-1.0,-1.0
11.8,2.3177962991558463,4.367679107929797,2.6572223304163347,-0.7889418775522974,1.066663410315381,0.515133497021216,0.0,-1.0,-1.0
11.82,2.3038911604857235,4.383734919324771,2.665303659641403,-0.8265890455042696,1.1727003541158847,0.5597656350029325,0.0,-1.0,-1.0
11.84,2.2899860218156007,4.399790730719746,2.6733849888664714,-0.8642362134562418,1.2787372979163885,0.604397772984649,0.0,-1.0,-1.0
11.86,2.2740700123995987,4.421510356947829,2.6838502812281027,-0.8975796825574178,1.3838026692214196,0.6585260752300348,0.0,-1.0,-1.0
11.88,2.2564386763833575,4.448061368913639,2.6963491579911745,-0.9272519812796408,1.4880392631677175,0.7207548599132318,0.0,-1.0,-1.0
11.9,2.238807340367118,4.474612380879447,2.7088480347542454,-0.9569242800018611,1.5922758571140059,0.7829836445964234,0.0,-1.0,-1.0
11.92,2.2211760043508786,4.501163392845254,2.7213469115173163,-0.9865965787240815,1.6965124510602945,0.845212429279615,0.0,-1.0,-1.0
11.94,2.2035446683346387,4.527714404811062,2.7338457882803873,-1.0162688774463018,1.800749045006583,0.9074412139628065,0.0,-1.0,-1.0
11.96,2.184178182189672,4.560360871028565,2.749983624220985,-1.0339975415178286,1.9022782495366761,0.9861143707751449,0.0,-1.0,-1.0
11.98,2.1636099761041367,4.597228890643563,2.768641708832954,-1.0434543542463433,2.0019323864317013,1.0761764728842473,0.0,-1.0,-1.0
12.0,2.143041770018601,4.634096910258561,2.787299793444922,-1.052911166974858,2.101586523326727,1.16623857499335,0.0,-1.0,-1.0
12.02,2.122473563933066,4.67096492987356,2.805957878056891,-1.0623679797033727,2.2012406602217522,1.2563006771024525,0.0,-1.0,-1.0
12.040000000000001,2.101905357847529,4.707832949488562,2.8246159626688616,-1.0718247924318884,2.300894797116787,1.346362779211563,0.0,-1.0,-1.0
12.06,2.0807362601059975,4.751033053820133,2.8489966482492983,-1.0640917913925465,2.4015798877703345,1.4353171300993788,0.0,-1.0,-1.0
12.08,2.0592320486737474,4.797764524011322,2.876568794240141,-1.0467721337953488,2.5028399351827777,1.5236536947416053,0.0,-1.0,-1.0
12.1,2.0377278372414978,4.844495994202511,2.9041409402309832,-1.0294524761981514,2.604099982595221,1.6119902593838318,0.0,-1.0,-1.0
12.120000000000001,2.016223625809246,4.891227464393705,2.9317130862218277,-1.0121328186009524,2.7053600300076734,1.700326824026066,0.0,-1.0,-1.0
12.14,1.9947194143769957,4.937958934584894,2.95928523221267,-0.9948131610037547,2.8066200774201167,1.7886633886682926,0.0,-1.0,-1.0
12.16,1.9744034027499313,4.9916372608518005,2.9929176301634333,-0.9163693269036215,2.871944390654337,1.8204441632419381,0.0,-1.0,-1.0
12.18,1.9546134361250653,5.048391129551616,3.0292330493044592,-0.810864330680305,2.9213590788555592,1.8271863116677602,0.0,-1.0,-1.0
12.200000000000001,1.9348234695001976,5.105144998251436,3.065548468445489,-0.7053593344569791,2.970773767056786,1.833928460093583,0.0,-1.0,-1.0
12.22,1.9150335028753316,5.161898866951252,3.1018638875865148,-0.5998543382336625,3.0201884552580083,1.8406706085194051,0.0,-1.0,-1.0
12.24,1.8952435362504658,5.218652735651068,3.138179306727541,-0.494349342010346,3.0696031434592306,1.8474127569452272,0.0,-1.0,-1.0
12.26,1.8832258718100159,5.279046866924192,3.174991403910496,-0.3874181984381644,3.0584729243759874,1.8130462876186058,0.0,-1.0,-1.0
12.280000000000001,1.873878455271011,5.340691644822538,3.211974139530778,-0.2799970884602542,3.026541929951846,1.76455656398711,0.0,-1.0,-1.0
12.3,1.8645310387320069,5.402336422720878,3.2489568751510567,-0.17257597848235356,2.994610935527708,1.7160668403556183,0.0,-1.0,-1.0
12.32,1.855183622193003,5.463981200619218,3.2859396107713357,-0.06515486850445296,2.9626799411035694,1.6675771167241267,0.0,-1.0,-1.0
12.34,1.845836205653999,5.525625978517558,3.322922346391614,0.04226624147344765,2.930748946679431,1.6190873930926348,0.0,-1.0,-1.0
12.36,1.8449461742426359,5.584756793216218,3.356087431388386,0.13465326629266,2.8964558951518815,1.5298452969112197,0.0,-1.0,-1.0
12.38,1.8462309586550343,5.643241142504534,3.3882708078712063,0.22317427746754123,2.8615554408529524,1.430123731799414,0.0,-1.0,-1.0
12.4,1.8475157430674327,5.701725491792845,3.420454184354024,0.31169528864241464,2.8266549865540265,1.330402166687617,0.0,-1.0,-1.0
12.42,1.848800527479831,5.760209841081156,3.4526375608368416,0.400216299817288,2.7917545322551005,1.2306806015758198,0.0,-1.0,-1.0
12.44,1.8500853118922294,5.818694190369467,3.4848209373196593,0.48873731099216144,2.7568540779561745,1.130959036464023,0.0,-1.0,-1.0
12.46,1.8587876819817477,5.874254068885279,3.5086481818146495,0.5694569858211052,2.6989302016390924,1.0421164498040136,0.0,-1.0,-1.0
12.48,1.8688339954774495,5.929284081838037,3.5309614338901243,0.6487631879922352,2.6368348633995025,0.9552449534681065,0.0,-1.0,-1.0
12.5,1.8788803089731512,5.984314094790793,3.553274685965599,0.7280693901633652,2.574739525159912,0.8683734571321993,0.0,-1.0,-1.0
12.52,1.8889266224688528,6.039344107743551,3.5755879380410738,0.8073755923344954,2.5126441869203218,0.7815019607962921,0.0,-1.0,-1.0
12.540000000000001,1.8989729359645553,6.094374120696312,3.5979011901165507,0.8866817945056324,2.450548848680726,0.6946304644603771,0.0,-1.0,-1.0
12.56,1.9160662509996342,6.143886457449959,3.612495202691874,0.956734315970127,2.381971116568217,0.595240014706752,0.0,-1.0,-1.0
12.58,1.9339620409934897,6.1927704706597995,3.6262101894340026,1.0257330776188907,2.3126552040073456,0.49442397329237947,0.0,-1.0,-1.0
12.6,1.9525651259757517,6.240943937819253,3.6388917274715533,1.0915328282708623,2.239071285444942,0.3978498502672082,0.0,-1.0,-1.0
12.620000000000001,1.9741986271289558,6.286073059583101,3.6471454387642184,1.1436263674911247,2.1472010300404563,0.3194502913109804,0.0,-1.0,-1.0
12.64,1.995832128282158,6.331202181346945,3.655399150056883,1.1957199067113824,2.055330774635979,0.24105073235475952,0.0,-1.0,-1.0
12.66,2.0188221296257183,6.373939029120387,3.6616113602682234,1.2318281978001728,1.9541895612971603,0.17895795986667057,0.0,-1.0,-1.0
12.68,2.043277574219942,6.414091474917412,3.665618112638781,1.250667435665855,1.8430328221009618,0.13448160228187556,0.0,-1.0,-1.0
12.700000000000001,2.0677330188141685,6.454243920714441,3.669624865009338,1.2695066735315386,1.7318760829047533,0.09000524469707659,0.0,-1.0,-1.0
12.72,2.092976481716882,6.48974683948583,3.671771235111689,1.2602076712704366,1.6183683471753167,0.062194680629860874,0.0,-1.0,-1.0
12.74,2.118452460997837,6.523877847004798,3.673368672096007,1.2426060678973334,1.5041669153816195,0.03930160376753008,0.0,-1.0,-1.0
12.76,2.1438677722660793,6.5576152327741495,3.6748872027756745,1.2232936965354402,1.390392058138471,0.01714427736056857,0.0,-1.0,-1.0
12.780000000000001,2.1683902603860634,6.5855598688883425,3.6752445057805483,1.1788047421040961,1.2828949017159834,0.005814650898523703,0.0,-1.0,-1.0
12.8,2.1929127485060453,6.613504505002534,3.675601808785422,1.134315787672756,1.1753977452935056,-0.0055149755635201594,0.0,-1.0,-1.0
12.82,2.216579465014526,6.639381369105462,3.675741179658173,1.0832527964754155,1.0712577893496606,-0.014662948653958445,0.0,-1.0,-1.0
12.84,2.238691955368282,6.661502809099063,3.675484748876432,1.020250241326068,0.9732150779514576,-0.019848669801099134,0.0,-1.0,-1.0
12.86,2.2608044457220386,6.683624249092664,3.6752283180946907,0.9572476861767203,0.8751723665532544,-0.025034390948239824,0.0,-1.0,-1.0
12.88,2.2807103054510867,6.702311795826095,3.6747902602175504,0.886120846576515,0.7831179083335931,-0.028034670094017264,0.0,-1.0,-1.0
12.9,2.2994099033438467,6.719122193596196,3.674252915295645,0.8105528403531159,0.6943369482673755,-0.029840270233647846,0.0,-1.0,-1.0
12.92,2.318109501236607,6.7359325913662955,3.6737155703737394,0.7349848341297169,0.605555988201158,-0.03164587037327843,0.0,-1.0,-1.0
12.94,2.3329692372783435,6.7482317331341175,3.6730864769005507,0.6513437888776792,0.5243773737663158,-0.031363104136150885,0.0,-1.0,-1.0
12.96,2.347575263440228,6.7602328042257716,3.6724513213566867,0.5671693364767643,0.4437010665163528,-0.03094235398108728,0.0,-1.0,-1.0
12.98,2.361134875444838,6.771230948328832,3.6718213963656376,0.48158687692640784,0.36462144464493795,-0.02996196652009367,0.0,-1.0,-1.0
13.0,2.3711811126691678,6.778861727451505,3.6712090331518428,0.39127698056248794,0.2909027538179045,-0.027102575814455746,0.0,-1.0,-1.0
13.02,2.3812273498934973,6.786492506574178,3.6705966699380483,0.3009670841985681,0.217184062990871,-0.024243185108817823,0.0,-1.0,-1.0
13.040000000000001,2.388725009456369,6.792042917805422,3.670064999755374,0.2081381765325196,0.14688904368387534,-0.018473991527718937,0.0,-1.0,-1.0
13.06,2.393879096454042,6.795680303905197,3.6696075317352617,0.11299288437157146,0.07974229910594823,-0.010029056770595832,0.0,-1.0,-1.0
13.08,2.399033183451716,6.799317690004971,3.669150063715149,0.017847592210623292,0.012595554528021108,-0.0015841220134727267,0.0,-1.0,-1.0
