0.0,1.3,4.0,3.141592653589793,7.504048737575643e-25,-2.6148233364943413e-25,8.008946575198825e-27,2.0,-1.0,-1.0
0.02,1.3,4.0,3.141592653589793,0.08279923828603013,-0.04817608421539707,-0.058638035305153484,0.0,-1.0,-1.0
0.04,1.3,4.0,3.141592653589793,0.16559847657206025,-0.09635216843079414,-0.11727607061030697,0.0,-1.0,-1.0
0.06,1.3,4.0,3.141592653589793,0.24839771485809037,-0.1445282526461912,-0.17591410591546044,0.0,-1.0,-1.0
0.08,1.3,4.0,3.141592653589793,0.3311969531441205,-0.19270433686158828,-0.23455214122061394,0.0,-1.0,-1.0
0.1,1.3003270657518167,3.9998096993700707,3.141361027146131,0.41399649506748276,-0.24088415241012287,-0.2931820491690461,0.0,-1.0,-1.0
0.12,1.3085410513220963,3.995030456604445,3.135543920783362,0.4968033589537198,-0.2891539459679969,-0.3516159726390026,0.0,-1.0,-1.0
0.14,1.316755036892376,3.990251213838819,3.129726814420593,0.5796102228399569,-0.3374237395258709,-0.41004989610895926,0.0,-1.0,-1.0
0.16,1.3249690224626556,3.985471971073193,3.123909708057824,0.662417086726194,-0.3856935330837449,-0.4684838195789158,0.0,-1.0,-1.0
0.18,1.3331830080329352,3.980692728307567,3.118092601695055,0.7452239506124311,-0.43396332664161885,-0.5269177430488723,0.0,-1.0,-1.0
0.2,1.3420511853507033,3.9755321439584472,3.1118138549716523,0.828020291201843,-0.48221792744487935,-0.5854361568959014,0.0,-1.0,-1.0
0.22,1.3584799129785368,3.9659643621196103,3.1001998908824997,0.9106950131444586,-0.53029694427594,-0.6449310333000098,0.0,-1.0,-1.0
0.24,1.3749086406063702,3.9563965802807735,3.0885859267933475,0.9933697350870742,-0.5783759611070007,-0.7044259097041181,0.0,-1.0,-1.0
0.26,1.3913373682342036,3.9468287984419366,3.076971962704195,1.0760444570296899,-0.6264549779380615,-0.7639207861082266,0.0,-1.0,-1.0
0.28,1.4077660958620373,3.9372610166030997,3.0653579986150428,1.1587191789723055,-0.6745339947691221,-0.823415662512335,0.0,-1.0,-1.0
0.3,1.4251745451871274,3.9271234831537907,3.0530390013559066,1.2413468606218414,-0.722567011571417,-0.8832177583530789,0.0,-1.0,-1.0
0.32,1.4498049059111207,3.912786087986878,3.035522929150726,1.3236277898928683,-0.7702609441898831,-0.9452844886891251,0.0,-1.0,-1.0
0.34,1.474435266635114,3.8984486928199655,3.0180068569455454,1.4059087191638953,-0.8179548768083493,-1.0073512190251714,0.0,-1.0,-1.0
0.36,1.4990656273591072,3.8841112976530527,3.0004907847403652,1.488189648434922,-0.8656488094268153,-1.0694179493612175,0.0,-1.0,-1.0
0.38,1.5236959880831005,3.86977390248614,2.9829747125351846,1.570470577705949,-0.9133427420452814,-1.1314846796972637,0.0,-1.0,-1.0
0.4,1.5496264223125638,3.8546829229987987,2.964477959722773,1.6525908739263708,-0.9609719117804935,-1.1943241174513055,0.0,-1.0,-1.0
0.42,1.582419350467512,3.8356141162582116,2.940804642137948,1.7338632616790242,-1.008259227850464,-1.2612423245517423,0.0,-1.0,-1.0
0.44,1.6152122786224599,3.816545309517624,2.9171313245531234,1.8151356494316777,-1.055546543920435,-1.3281605316521794,0.0,-1.0,-1.0
0.46,1.648005206777408,3.797476502777037,2.8934580069682982,1.8964080371843313,-1.1028338599904057,-1.3950787387526162,0.0,-1.0,-1.0
0.48,1.6807981349323562,3.7784076960364494,2.8697846893834735,1.9776804249369846,-1.1501211760603764,-1.4619969458530533,0.0,-1.0,-1.0
0.5,1.7151962357406094,3.75840493978727,2.844789701806957,2.0242137567316756,-1.1796638822373644,-1.5104421348174968,0.0,-1.0,-1.0
0.52,1.7560516803399282,3.734645059313441,2.8144778547031386,1.9309976186885187,-1.1378229610634956,-1.484573430683235,0.0,-1.0,-1.0
0.54,1.7969071249392468,3.710885178839612,2.78416600759932,1.837781480645362,-1.0959820398896265,-1.458704726548973,0.0,-1.0,-1.0
0.56,1.8377625695385655,3.687125298365783,2.7538541604955022,1.7445653426022054,-1.0541411187157577,-1.432836022414711,0.0,-1.0,-1.0
0.58,1.878618014137884,3.6633654178919546,2.7235423133916843,1.6513492045590492,-1.012300197541889,-1.4069673182804492,0.0,-1.0,-1.0
0.6,1.917264177089089,3.640597193811859,2.6938435709981023,1.5610704307040262,-0.9689828059861982,-1.3708696035771293,0.0,-1.0,-1.0
0.62,1.948872241777029,3.6209880848896008,2.6660979934262166,1.4801492042711384,-0.9209618296073886,-1.3021853775150287,0.0,-1.0,-1.0
0.64,1.9804803064649692,3.601378975967343,2.638352415854331,1.3992279778382508,-0.872940853228579,-1.233501151452928,0.0,-1.0,-1.0
0.66,2.012088371152909,3.5817698670450846,2.6106068382824454,1.3183067514053632,-0.8249198768497693,-1.1648169253908274,0.0,-1.0,-1.0
0.68,2.0436964358408494,3.5621607581228267,2.5828612607105597,1.2373855249724754,-0.7768989004709597,-1.0961326993287266,0.0,-1.0,-1.0
0.7000000000000001,2.0730669686847363,3.5438794647635126,2.55701485285931,1.156802694446367,-0.7285852408806895,-1.026877330830311,0.0,-1.0,-1.0
0.72,2.096647353408364,3.5290342113453796,2.5360830003102444,1.077095544160854,-0.6795141935682413,-0.9561439948505305,0.0,-1.0,-1.0
0.74,2.120227738131992,3.5141889579272467,2.5151511477611783,0.997388393875341,-0.6304431462557927,-0.8854106588707497,0.0,-1.0,-1.0
0.76,2.14380812285562,3.499343704509114,2.4942192952121123,0.9176812435898278,-0.5813720989433441,-0.8146773228909687,0.0,-1.0,-1.0
0.78,2.1673885075792474,3.484498451090981,2.4732874426630462,0.8379740933043145,-0.5323010516308955,-0.7439439869111879,0.0,-1.0,-1.0
0.8,2.1884500788864303,3.471203884303682,2.4545908234025573,0.7584485712425212,-0.4829391178728154,-0.6732943526416393,0.0,-1.0,-1.0
0.8200000000000001,2.2041232244150355,3.461226657245291,2.4406759750325464,0.6793116012649827,-0.4329548990292081,-0.6028237790560546,0.0,-1.0,-1.0
0.84,2.2197963699436403,3.4512494301869006,2.426761126662536,0.6001746312874446,-0.38297068018560104,-0.5323532054704703,0.0,-1.0,-1.0
0.86,2.2354695154722455,3.4412722031285097,2.412846278292525,0.5210376613099061,-0.3329864613419937,-0.4618826318848855,0.0,-1.0,-1.0
0.88,2.2511426610008507,3.431294976070119,2.398931429922514,0.4419006913323677,-0.28300224249838646,-0.39141205829930076,0.0,-1.0,-1.0
0.9,2.2640024118888555,3.423094735588913,2.3875218775488243,0.3628656089342886,-0.23280129954187423,-0.32118360962099324,0.0,-1.0,-1.0
0.92,2.2718248821826763,3.4180761248272664,2.380597966372725,0.2840129525348209,-0.18221231995783974,-0.25138867676701954,0.0,-1.0,-1.0
0.9400000000000001,2.279647352476497,3.4130575140656196,2.373674055196625,0.20516029613535317,-0.13162334037380524,-0.18159374391304584,0.0,-1.0,-1.0
0.96,2.2874698227703174,3.408038903303973,2.3667501440205254,0.12630763973588588,-0.08103436078977103,-0.11179881105907252,0.0,-1.0,-1.0
0.98,2.295292293064138,3.403020292542326,2.359826232844426,0.04745498333641818,-0.03044538120573656,-0.04200387820509882,0.0,-1.0,-1.0
1.0,2.3,3.4,2.3556592953626994,0.02910984150560703,-0.029141017066913966,0.0037315015828605263,1.0,-1.0,-1.0
1.02,2.3,3.4,2.3556592953626994,0.10221679836432827,-0.10232626876674844,0.013102858867093389,0.0,-1.0,-1.0
1.04,2.3,3.4,2.3556592953626994,0.17532375522304952,-0.17551152046658292,0.022474216151326252,0.0,-1.0,-1.0
1.06,2.3,3.4,2.3556592953626994,0.24843071208177078,-0.2486967721664174,0.03184557343555911,0.0,-1.0,-1.0
1.08,2.3,3.4,2.3556592953626994,0.321537668940492,-0.32188202386625187,0.041216930719791975,0.0,-1.0,-1.0
1.1,2.3,3.4,2.3556592953626994,0.3946446257992133,-0.39506727556608634,0.05058828800402484,0.0,-1.0,-1.0
1.12,2.3,3.4,2.3556592953626994,0.4677515826579345,-0.4682525272659208,0.0599596452882577,0.0,-1.0,-1.0
1.1400000000000001,2.3,3.4,2.3556592953626994,0.5408585395166557,-0.5414377789657553,0.06933100257249056,0.0,-1.0,-1.0
1.16,2.3031340799112687,3.3968625636053096,2.356061043484463,0.6177750888302597,-0.6099099922340312,0.0777612292119235,0.0,-1.0,-1.0
1.18,2.315028116003923,3.384955789440848,2.3575857036066346,0.7053396956020428,-0.6652089580706835,0.08356093479164718,0.0,-1.0,-1.0
1.2,2.3269221520965777,3.3730490152763863,2.3591103637288064,0.7929043023738258,-0.7205079239073358,0.08936064037137087,0.0,-1.0,-1.0
1.22,2.338816188189232,3.3611422411119247,2.3606350238509783,0.8804689091456088,-0.775806889743988,0.09516034595109454,0.0,-1.0,-1.0
1.24,2.3507102242818867,3.349235466947463,2.36215968397315,0.968033515917392,-0.8311058555806404,0.10096005153081823,0.0,-1.0,-1.0
1.26,2.362604260374541,3.3373286927830015,2.3636843440953217,1.055598122689175,-0.8864048214172927,0.10675975711054192,0.0,-1.0,-1.0
1.28,2.3744982964671952,3.3254219186185403,2.3652090042174936,1.143162729460958,-0.9417037872539451,0.1125594626902656,0.0,-1.0,-1.0
1.3,2.3863923325598497,3.3135151444540787,2.366733664339665,1.230727336232741,-0.9970027530905974,0.1183591682699893,0.0,-1.0,-1.0
1.32,2.400121545855868,3.300449415716367,2.368379874570477,1.3183417130983939,-1.0522348373109922,0.12382840731132858,0.0,-1.0,-1.0
1.34,2.4262617855676303,3.2795458521380243,2.3708481098386547,1.4062926775963465,-1.1070146112560755,0.12706275103580641,0.0,-1.0,-1.0
1.36,2.4524020252793926,3.2586422885596815,2.373316345106832,1.494243642094299,-1.1617943852011587,0.13029709476028425,0.0,-1.0,-1.0
1.3800000000000001,2.4785422649911544,3.237738724981339,2.3757845803750097,1.5821946065922516,-1.216574159146242,0.13353143848476207,0.0,-1.0,-1.0
1.4000000000000001,2.5046825047029166,3.2168351614029964,2.3782528156431875,1.6701455710902042,-1.271353933091325,0.1367657822092399,0.0,-1.0,-1.0
1.42,2.530822744414679,3.195931597824654,2.3807210509113648,1.758096535588156,-1.3261337070364076,0.14000012593371772,0.0,-1.0,-1.0
1.44,2.556962984126441,3.1750280342463113,2.3831892861795425,1.8460475000861085,-1.3809134809814911,0.14323446965819556,0.0,-1.0,-1.0
1.46,2.5831032238382035,3.154124470667969,2.38565752144772,1.9339984645840609,-1.4356932549265742,0.1464688133826734,0.0,-1.0,-1.0
1.48,2.6092434635499657,3.133220907089626,2.3881257567158976,2.0219494290820137,-1.4904730288716574,0.1497031571071512,0.0,-1.0,-1.0
1.5,2.6496088743761104,3.1034572740120554,2.3911171140804166,2.1102966427000194,-1.544646533372063,0.15117703268282132,0.0,-1.0,-1.0
1.52,2.690058175647417,3.073641390232649,2.394111556465508,2.1986461931275305,-1.5988164625050303,0.15264052620716073,0.0,-1.0,-1.0
1.54,2.730507476918724,3.043825506453243,2.3971059988506,2.2869957435550416,-1.6529863916379979,0.15410401973150017,0.0,-1.0,-1.0
1.56,2.7709567781900306,3.0140096226738367,2.400100441235691,2.3753452939825523,-1.7071563207709652,0.1555675132558396,0.0,-1.0,-1.0
1.58,2.811406079461338,2.9841937388944304,2.4030948836207826,2.463694844410064,-1.7613262499039326,0.15703100678017903,0.0,-1.0,-1.0
1.6,2.8518553807326446,2.9543778551150246,2.4060893260058744,2.5520443948375746,-1.8154961790369002,0.15849450030451845,0.0,-1.0,-1.0
1.62,2.8923046820039513,2.9245619713356183,2.409083768390966,2.6403939452650858,-1.8696661081698678,0.1599579938288579,0.0,-1.0,-1.0
1.6400000000000001,2.932753983275258,2.894746087556212,2.412078210776057,2.728743495692597,-1.9238360373028351,0.1614214873531973,0.0,-1.0,-1.0
1.6600000000000001,2.9855570242028304,2.8573557317113694,2.4152772905124524,2.81792166130007,-1.9762387784403186,0.17043698628838985,0.0,-1.0,-1.0
1.68,3.0403802344249,2.8187267455963108,2.4185098339695594,2.907235327815776,-2.028352536725207,0.18068744159043001,0.0,-1.0,-1.0
1.7,3.0952034446469696,2.780097759481252,2.4217423774266664,2.996548994331483,-2.0804662950100954,0.1909378968924703,0.0,-1.0,-1.0
1.72,3.1500266548690394,2.741468773366193,2.424974920883774,3.0858626608471904,-2.1325800532949843,0.20118835219451053,0.0,-1.0,-1.0
1.74,3.2048498650911093,2.702839787251134,2.428207464340881,3.1751763273628972,-2.184693811579873,0.2114388074965508,0.0,-1.0,-1.0
1.76,3.259673075313179,2.664210801136075,2.4314400077979883,3.2644899938786045,-2.236807569864762,0.22168926279859108,0.0,-1.0,-1.0
1.78,3.314496285535249,2.6255818150210164,2.4346725512550953,3.3538036603943118,-2.2889213281496508,0.23193971810063135,0.0,-1.0,-1.0
1.8,3.3693194957573187,2.5869528289059573,2.4379050947122027,3.443117326910019,-2.3410350864345393,0.24219017340267163,0.0,-1.0,-1.0
1.82,3.434674231851075,2.5421787877835373,2.4423463326437553,3.491817496297793,-2.3310946024900066,0.22318187097554007,0.0,-1.0,-1.0
1.84,3.504028206568759,2.4950712252292737,2.4472465598695115,3.525095107896151,-2.29758965834036,0.1930628562523643,0.0,-1.0,-1.0
1.86,3.573382181286443,2.4479636626750096,2.4521467870952676,3.5583727194945087,-2.264084714190713,0.1629438415291885,0.0,-1.0,-1.0
1.8800000000000001,3.6427361560041267,2.400856100120746,2.4570470143210237,3.5916503310928665,-2.2305797700410666,0.13282482680601274,0.0,-1.0,-1.0
1.9000000000000001,3.712090130721811,2.3537485375664824,2.46194724154678,3.624927942691224,-2.19707482589142,0.10270581208283697,0.0,-1.0,-1.0
1.92,3.781444105439494,2.306640975012219,2.466847468772536,3.658205554289582,-2.1635698817417737,0.0725867973596615,0.0,-1.0,-1.0
1.94,3.850798080157178,2.259533412457955,2.4717476959982925,3.6914831658879397,-2.130064937592127,0.042467782636485735,0.0,-1.0,-1.0
1.96,3.9201520548748623,2.2124258499036915,2.4766479232240486,3.7247607774862974,-2.0965599934424803,0.012348767913309966,0.0,-1.0,-1.0
1.98,3.9927008255020464,2.1685349081757432,2.4786565936218343,3.7232443003701072,-2.0965979519508666,0.017574543648424475,0.0,-1.0,-1.0
2.0,4.06746885560427,2.126878386563703,2.478656649050193,3.697558169466183,-2.1199364300081767,0.047352517188900586,0.0,-1.0,-1.0
2.02,4.142236885706493,2.0852218649516625,2.478656704478552,3.671872038562259,-2.1432749080654867,0.0771304907293767,0.0,-1.0,-1.0
2.04,4.217004915808715,2.0435653433396226,2.4786567599069107,3.6461859076583356,-2.1666133861227967,0.10690846426985282,0.0,-1.0,-1.0
2.06,4.291772945910939,2.001908821727582,2.4786568153352695,3.6204997767544116,-2.189951864180107,0.13668643781032894,0.0,-1.0,-1.0
2.08,4.3665409760131615,1.9602523001155419,2.4786568707636283,3.5948136458504876,-2.213290342237417,0.16646441135080503,0.0,-1.0,-1.0
2.1,4.441309006115385,1.9185957785035015,2.478656926191987,3.5691275149465636,-2.236628820294727,0.19624238489128115,0.0,-1.0,-1.0
2.12,4.516077036217608,1.8769392568914613,2.478656981620346,3.5434413840426395,-2.259967298352037,0.22602035843175727,0.0,-1.0,-1.0
2.14,4.588941915329837,1.833553527880072,2.480863363102073,3.5338273135372935,-2.2440124686027096,0.23475812421141912,0.0,-1.0,-1.0
2.16,4.659530975588707,1.788099984585161,2.4857081051002887,3.54343247380225,-2.1810700634127675,0.2183356679422646,0.0,-1.0,-1.0
2.18,4.730120035847577,1.74264644129025,2.490552847098504,3.5530376340672065,-2.118127658222825,0.2019132116731101,0.0,-1.0,-1.0
2.2,4.800709096106446,1.697192897995339,2.4953975890967195,3.5626427943321635,-2.0551852530328825,0.18549075540395563,0.0,-1.0,-1.0
2.22,4.871298156365316,1.651739354700428,2.500242331094935,3.57224795459712,-1.9922428478429404,0.16906829913480115,0.0,-1.0,-1.0
2.24,4.941887216624185,1.606285811405517,2.5050870730931503,3.5818531148620765,-1.929300442652998,0.15264584286564664,0.0,-1.0,-1.0
2.2600000000000002,5.012476276883055,1.560832268110606,2.509931815091366,3.5914582751270334,-1.8663580374630557,0.13622338659649214,0.0,-1.0,-1.0
2.2800000000000002,5.0830653371419245,1.515378724815695,2.514776557089581,3.60106343539199,-1.8034156322731134,0.11980093032733764,0.0,-1.0,-1.0
2.3000000000000003,5.154155601779394,1.4732095628544217,2.5187643631531094,3.582171712638527,-1.739239400269349,0.10833360602309128,0.0,-1.0,-1.0
2.32,5.226307360415762,1.4379963478573285,2.5209372761491573,3.5029268253817842,-1.6724500630843968,0.10736068892893405,0.0,-1.0,-1.0
2.34,5.298459119052133,1.4027831328602345,2.523110189145205,3.4236819381250396,-1.6056607258994433,0.10638777183477681,0.0,-1.0,-1.0
2.36,5.370610877688502,1.3675699178631404,2.5252831021412527,3.3444370508682946,-1.5388713887144898,0.10541485474061955,0.0,-1.0,-1.0
2.38,5.442762636324873,1.3323567028660466,2.5274560151373002,3.26519216361155,-1.4720820515295365,0.10444193764646231,0.0,-1.0,-1.0
2.4,5.514914394961243,1.2971434878689525,2.5296289281333477,3.1859472763548053,-1.4052927143445828,0.10346902055230506,0.0,-1.0,-1.0
2.42,5.587066153597613,1.2619302728718584,2.5318018411293957,3.1067023890980607,-1.3385033771596295,0.1024961034581478,0.0,-1.0,-1.0
2.44,5.659217912233983,1.2267170578747646,2.533974754125443,3.027457501841316,-1.2717140399746758,0.10152318636399056,0.0,-1.0,-1.0
2.46,5.728971012950006,1.193525484628695,2.5361182179623776,2.957447050619744,-1.212515084078791,0.13570207693016806,0.0,-1.0,-1.0
2.48,5.78823013332472,1.169178469254948,2.538132843545978,2.927836687044745,-1.186523577796642,0.3236679562202746,0.0,-1.0,-1.0
2.5,5.8474892536994325,1.1448314538812012,2.540147469129578,2.8982263234697463,-1.1605320715144931,0.5116338355103811,0.0,-1.0,-1.0
2.52,5.906748374074146,1.1204844385074546,2.5421620947131784,2.868615959894747,-1.1345405652323441,0.6995997148004877,0.0,-1.0,-1.0
2.54,5.96600749444886,1.0961374231337078,2.544176720296779,2.839005596319748,-1.1085490589501952,0.8875655940905942,0.0,-1.0,-1.0
2.56,6.025266614823573,1.071790407759961,2.546191345880379,2.809395232744749,-1.0825575526680462,1.0755314733807007,0.0,-1.0,-1.0
2.58,6.084525735198286,1.047443392386214,2.5482059714639793,2.7797848691697498,-1.0565660463858972,1.2634973526708073,0.0,-1.0,-1.0
2.6,6.143784855573,1.0230963770124675,2.5502205970475793,2.750174505594751,-1.0305745401037485,1.451463231960914,0.0,-1.0,-1.0
2.62,6.202796518629813,0.9989665757373072,2.5538060757626537,2.719110121351582,-1.0043894609498536,1.6372426335013106,2.0,-1.0,-1.0
2.64,6.257238221508155,0.9788482128353047,2.586401552314849,2.661193362692509,-0.9746295418073191,1.782642884681237,0.0,-1.0,-1.0
2.66,6.311431689089994,0.9588574030375041,2.619620224558568,2.600959692021329,-0.9427572586028746,1.9201194385952092,0.0,-1.0,-1.0
2.68,6.363625114492674,0.9398942939417364,2.6578600105861563,2.5220585642444324,-0.8938655696931957,1.9937544318206368,0.0,-1.0,-1.0
2.7,6.415299519553651,0.9212527997810064,2.696584175740152,2.4440689135880675,-0.8408944400321421,2.0557583813820925,0.0,-1.0,-1.0
2.72,6.464430072784402,0.9041876229153516,2.737682407242283,2.3705466461052853,-0.7679289248184499,2.0607556024309104,0.0,-1.0,-1.0
2.74,6.512908472410807,0.8877696611774233,2.778824964849012,2.3013914541763416,-0.6928086107640241,2.054060545854823,0.0,-1.0,-1.0
2.7600000000000002,6.559184956080896,0.8735369412405251,2.8201171840635966,2.2469811525314474,-0.610412885029833,2.007887960524204,0.0,-1.0,-1.0
2.7800000000000002,6.604854101562564,0.8602239381456256,2.8608940160540404,2.202297388782589,-0.5276163396193488,1.9503097562508618,0.0,-1.0,-1.0
2.8000000000000003,6.649018425324805,0.8491897475903436,2.9003938562405955,2.181713386517254,-0.44382667017029953,1.8644714763956818,0.0,-1.0,-1.0
2.82,6.692905807155958,0.8392828826427459,2.9387388083408674,2.168787124860753,-0.37148102614932543,1.749513080032022,0.0,-1.0,-1.0
2.84,6.736271078109934,0.8315013331343218,2.9749064822319298,2.1702977874027334,-0.320710483201898,1.5796553424450537,0.0,-1.0,-1.0
2.86,6.779660136366858,0.8245192303933523,3.008399530023727,2.1718855710608276,-0.27303823611132405,1.4045223483172837,0.0,-1.0,-1.0
2.88,6.823084049907973,0.8187085485712184,3.0379734763940265,2.1735863594771834,-0.22990588927079053,1.2216595764035616,0.0,-1.0,-1.0
2.9,6.8665386428013235,0.8136759014821422,3.064248887016711,2.17534124868001,-0.1888427594112048,1.0358494139384964,0.0,-1.0,-1.0
2.92,6.910028579448287,0.8095395793120195,3.0867242619070203,2.1771584639988677,-0.15016344439168022,0.846643748053326,0.0,-1.0,-1.0
2.94,6.953555460723042,0.806189621246233,3.1053530189367495,2.179136799803545,-0.11326154606371412,0.6552428723291367,0.0,-1.0,-1.0
2.96,6.997115940065495,0.8035547959613958,3.1204835967989433,2.1812616612958218,-0.07797606045668862,0.46184563574833065,0.0,-1.0,-1.0
2.98,7.040724488859035,0.8017182127881752,3.13123906643028,2.1836940388704758,-0.04426202568629539,0.26671361309467734,0.0,-1.0,-1.0
3.0,7.084367453450017,0.8004531389249441,3.1388621341878515,2.186346585616228,-0.011673086635929968,0.07033955324824287,0.0,-1.0,-1.0
3.02,7.128076504739157,0.8,3.141592653589793,2.22775908927414,6.869096738400031e-16,1.6224883861824967e-15,3.0,-1.0,-1.0
3.04,7.171822438854672,0.8,3.141592653589793,2.2908034311223213,7.180153776800332e-16,1.1384372405859976e-15,0.0,-1.0,-1.0
3.06,7.215970533252717,0.8,3.141592653589793,2.332709091681875,7.100610992011665e-16,5.059612513754933e-16,0.0,-1.0,-1.0
3.08,7.262887583297802,0.8,3.141592653589793,2.2290706160653118,4.3317086828345103e-16,-1.1484500873450963e-15,0.0,-1.0,-1.0
3.1,7.309804633342887,0.8,3.141592653589793,2.1254321404487486,1.562806373657356e-16,-2.802861426065686e-15,0.0,-1.0,-1.0
3.12,7.353532212147623,0.8,3.141592653589793,2.021793540505463,-3.343272392122803e-17,-2.49334177198721e-15,0.0,-1.0,-1.0
3.14,7.395236270648828,0.8,3.141592653589793,1.9181548616846367,-1.6783780606007183e-16,-9.37830560314901e-16,0.0,-1.0,-1.0
3.16,7.436435487759436,0.8,3.141592653589793,1.8145161763041482,-2.451268758464251e-16,5.827952701584898e-16,0.0,-1.0,-1.0
3.18,7.472926544495634,0.8,3.141592653589793,1.7108774297481244,2.1024906779606925e-16,1.7780793745654256e-15,0.0,-1.0,-1.0
3.2,7.509417601231831,0.8,3.141592653589793,1.6072386831921008,6.656250114385636e-16,2.973363478972361e-15,0.0,-1.0,-1.0
3.22,7.542875448933365,0.8,3.141592653589793,1.5035999169300247,7.678399509993475e-16,2.250280860609215e-15,0.0,-1.0,-1.0
3.24,7.5741535004974905,0.8,3.141592653589793,1.3999611365063211,6.162580095068291e-16,1.4857635214960771e-16,0.0,-1.0,-1.0
3.2600000000000002,7.605082980770999,0.8,3.141592653589793,1.2963223547238643,4.472163294020418e-16,-1.859693216589395e-15,0.0,-1.0,-1.0
3.2800000000000002,7.631148025459516,0.8,3.141592653589793,1.1926835539795246,3.451782472081706e-17,-2.5640451710740834e-15,0.0,-1.0,-1.0
3.3000000000000003,7.657213070148032,0.8,3.141592653589793,1.0890447532351852,-3.781806799604077e-16,-3.268397125558772e-15,0.0,-1.0,-1.0
3.3200000000000003,7.680401174841493,0.8,3.141592653589793,0.985405945014511,-5.254123363072094e-16,-2.3565340544324474e-15,0.0,-1.0,-1.0
3.34,7.7012532116322765,0.8,3.141592653589793,0.881767130723074,-4.570855921712254e-16,-1.3230852470616967e-16,0.0,-1.0,-1.0
3.36,7.721912947664509,0.8,3.141592653589793,0.7781283160746817,-3.915593160262523e-16,1.9949871988020427e-15,0.0,-1.0,-1.0
3.38,7.737551975876145,0.8,3.141592653589793,0.6744894921067357,-3.9914940015817e-16,1.5915792485824032e-15,0.0,-1.0,-1.0
3.4,7.753191004087782,0.8,3.141592653589793,0.5708506681387897,-4.067394842900877e-16,1.1881712983627637e-15,0.0,-1.0,-1.0
3.42,7.766109362320256,0.8,3.141592653589793,0.4672118403832152,-5.765640689665107e-17,6.949248884089218e-17,0.0,-1.0,-1.0
3.44,7.776535381466017,0.8,3.141592653589793,0.363573009157887,6.18166212028629e-16,-1.7044284242360163e-15,0.0,-1.0,-1.0
3.46,7.786925370493313,0.8,3.141592653589793,0.25993417789354545,1.2859548501497132e-15,-3.4565649970057067e-15,0.0,-1.0,-1.0
3.48,7.792138380208155,0.8,3.141592653589793,0.15629534102358583,7.993827980902218e-16,-2.0786236264679337e-15,0.0,-1.0,-1.0
3.5,7.797351389922998,0.8000000000000002,3.141592653589793,0.052656504153626216,3.128107460307301e-16,-7.006822559301599e-16,0.0,-1.0,-1.0
3.52,7.8,0.8000000000000002,3.141592653589793,-0.04833316357900569,0.016174402796730922,-0.0018007753634036066,0.0,-1.0,-1.0
3.54,7.8,0.8000000000000003,3.141592653589793,-0.14658666805171944,0.04905434774248987,-0.005461460431810395,0.0,-1.0,-1.0
3.56,7.8,0.8000000000000003,3.141592653589793,-0.24484017252443321,0.08193429268824884,-0.009122145500217182,0.0,-1.0,-1.0
3.58,7.8,0.8000000000000003,3.141592653589793,-0.34309367699714693,0.11481423763400779,-0.012782830568623971,0.0,-1.0,-1.0
3.6,7.8,0.8000000000000004,3.141592653589793,-0.44134718146986074,0.14769418257976674,-0.016443515637030757,0.0,-1.0,-1.0
3.62,7.793375180779048,0.802216955949096,3.141345829042077,-0.539600456574034,0.18057482323757948,-0.02010386311431275,0.0,-1.0,-1.0
3.64,7.783966860880009,0.8053653936763024,3.1409952980726423,-0.6378536353061455,0.2134557562075156,-0.023764068748460092,0.0,-1.0,-1.0
3.66,7.774558540980972,0.808513831403509,3.140644767103208,-0.736106814038257,0.24633668917745177,-0.027424274382607437,0.0,-1.0,-1.0
3.68,7.765150221081933,0.8116622691307155,3.1402942361337733,-0.8343599927703684,0.2792176221473879,-0.03108448001675478,0.0,-1.0,-1.0
3.7,7.755741901182895,0.814810706857922,3.1399437051643386,-0.9326131715024799,0.31209855511732404,-0.03474468565090212,0.0,-1.0,-1.0
3.72,7.737712140843508,0.8208443540906256,3.139272001432034,-1.0308659519686936,0.3449806952349648,-0.038404324884848955,0.0,-1.0,-1.0
3.74,7.718895532236907,0.8271413241538533,3.138570985401664,-1.1291186960865924,0.3778629455246918,-0.04206391242545992,0.0,-1.0,-1.0
3.7600000000000002,7.700078923630306,0.833438294217081,3.1378699693712937,-1.2273714402044915,0.4107451958144188,-0.04572349996607088,0.0,-1.0,-1.0
3.7800000000000002,7.681262315023706,0.8397352642803089,3.1371689533409235,-1.3256241843223904,0.44362744610414584,-0.04938308750668184,0.0,-1.0,-1.0
3.8000000000000003,7.661235916853028,0.8464371146713181,3.1364228766778433,-1.4238768501723498,0.4765099335326591,-0.05304256560678756,0.0,-1.0,-1.0
3.8200000000000003,7.633011061155595,0.85588274321127,3.135371434772434,-1.5221289856190081,0.5093940279945979,-0.056701302054492995,0.0,-1.0,-1.0
3.84,7.604786205458163,0.8653283717512217,3.1343199928670256,-1.6203811210656642,0.542278122456536,-0.06036003850219836,0.0,-1.0,-1.0
3.86,7.5765613497607305,0.8747740002911735,3.1332685509616165,-1.7186332565123226,0.5751622169184747,-0.0640187749499038,0.0,-1.0,-1.0
3.88,7.548336494063299,0.8842196288311254,3.1322171090562074,-1.816885391958981,0.6080463113804134,-0.06767751139760923,0.0,-1.0,-1.0
3.9,7.5169052343147005,0.8947384115902947,3.131046266312184,-1.9151372162115763,0.6409313485592518,-0.07133581407271014,0.0,-1.0,-1.0
3.92,7.479272189810095,0.9073328751967257,3.1296444800286194,-2.0133884385566874,0.6738182091287807,-0.07499327775051579,0.0,-1.0,-1.0
3.94,7.441639145305489,0.9199273388031567,3.128242693745055,-2.1116396609017984,0.7067050696983096,-0.07865074142832143,0.0,-1.0,-1.0
3.96,7.404006100800883,0.9325218024095876,3.1268409074614905,-2.2098908832469095,0.7395919302678385,-0.08230820510612707,0.0,-1.0,-1.0
3.98,7.366373056296277,0.9451162660160186,3.1254391211779255,-2.3081421055920206,0.7724787908373675,-0.08596566878393272,0.0,-1.0,-1.0
4.0,7.323537034112903,0.9594522815073434,3.123843650770926,-2.4063924863564927,0.8053682007636969,-0.08962195202518082,0.0,-1.0,-1.0
4.0200000000000005,7.276495888235679,0.9751958450504532,3.122091641984009,-2.5046421869430175,0.8382596711179872,-0.09327728122010327,0.0,-1.0,-1.0
4.04,7.229454742358459,0.9909394085935622,3.1203396331970916,-2.6028918875295384,0.871151141472276,-0.09693261041502556,0.0,-1.0,-1.0
4.0600000000000005,7.1824135964812355,1.006682972136672,3.1185876244101745,-2.7011415881160636,0.9040426118265663,-0.10058793960994801,0.0,-1.0,-1.0
4.08,7.135372450604015,1.022426535679781,3.1168356156232573,-2.7993912887025845,0.9369340821808552,-0.1042432688048703,0.0,-1.0,-1.0
4.1,7.081131835132169,1.0405802962955037,3.114815754301017,-2.89763866045693,0.9698326067071694,-0.10789529558720873,0.0,-1.0,-1.0
4.12,7.024682733599184,1.0594734011878437,3.112713727399364,-2.9958853178262372,1.0027332951485328,-0.11154630933211954,0.0,-1.0,-1.0
4.14,6.968233632066202,1.0783665060801826,3.110611700497712,-3.09413197519554,1.0356339835898947,-0.11519732307703018,0.0,-1.0,-1.0
4.16,6.911784530533217,1.0972596109725223,3.1085096735960596,-3.192378632564847,1.0685346720312578,-0.11884833682194099,0.0,-1.0,-1.0
4.18,6.8553354290002355,1.1161527158648614,3.1064076466944073,-3.2906252899341495,1.1014353604726197,-0.12249935056685163,0.0,-1.0,-1.0
4.2,6.78969057021185,1.1381252817032026,3.1039638897325923,-3.3888630227976924,1.1343630688427404,-0.12613757196110362,0.0,-1.0,-1.0
4.22,6.7238338044280965,1.1601688106279215,3.1015122579445653,-3.4871005500049534,1.1672913998599959,-0.1297754985684753,0.0,-1.0,-1.0
4.24,6.657977038644339,1.1822123395526414,3.0990606261565383,-3.585338077212219,1.2002197308772526,-0.13341342517584717,0.0,-1.0,-1.0
4.26,6.592120272860585,1.2042558684773603,3.0966089943685113,-3.68357560441948,1.2331480618945079,-0.13705135178321884,0.0,-1.0,-1.0
4.28,6.52447906925782,1.2268975248270597,3.094091281379082,-3.7706529612543167,1.2749785143532766,-0.13445261987283347,0.0,-1.0,-1.0
4.3,6.4492155134871325,1.2520941247146748,3.0912912978709493,-3.810058862168088,1.3548350072523727,-0.10521356064643678,0.0,-1.0,-1.0
4.32,6.373951957716441,1.2772907246022913,3.0884913143628165,-3.849464763081862,1.4346915001514724,-0.07597450142003877,0.0,-1.0,-1.0
4.34,6.298688401945753,1.3024873244899065,3.085691330854684,-3.888870663995634,1.5145479930505685,-0.04673544219364208,0.0,-1.0,-1.0
4.36,6.223424846175062,1.3276839243775227,3.0828913473465507,-3.9282765649094076,1.5944044859496682,-0.01749638296724408,0.0,-1.0,-1.0
4.38,6.146644717521737,1.3559538759414496,3.0812166563277956,-3.912258765272472,1.630549022885012,-0.00854824034947239,0.0,-1.0,-1.0
4.4,6.067607827418591,1.3887971794782643,3.081216475475266,-3.813766808118213,1.6016472582251309,-0.029794332976233122,0.0,-1.0,-1.0
4.42,5.988570937315448,1.4216404830150775,3.081216294622736,-3.7152748509639584,1.5727454935652512,-0.05104042560299292,0.0,-1.0,-1.0
4.44,5.9095340472123015,1.4544837865518923,3.081216113770206,-3.616782893809699,1.5438437289053704,-0.07228651822975364,0.0,-1.0,-1.0
4.46,5.830497157109159,1.4873270900887055,3.0812159329176763,-3.5182909366554442,1.5149419642454907,-0.09353261085651343,0.0,-1.0,-1.0
4.48,5.757252317417757,1.5184707576072258,3.079966325786075,-3.4173265275670444,1.5123356153211942,-0.10727477440626089,4.0,-1.0,-1.0
4.5,5.687646580385061,1.5485465563205179,3.0779317133159845,-3.3148086951194866,1.5262504826351095,-0.11630227452705978,0.0,-1.0,-1.0
4.5200000000000005,5.618386905441462,1.5786693264527079,3.075866627361655,-3.2124634244224297,1.5410548759320977,-0.12505204126613678,0.0,-1.0,-1.0
4.54,5.554005265540087,1.6094541980822186,3.0733719921193314,-3.112550556153795,1.568397883116742,-0.12988692333247706,0.0,-1.0,-1.0
4.5600000000000005,5.489623625638709,1.6402390697117306,3.0708773568770074,-3.0126376878851557,1.5957408903013877,-0.13472180539881756,0.0,-1.0,-1.0
4.58,5.427881071694028,1.6717461760996308,3.0682550136668763,-2.9136879609427457,1.6262775209902995,-0.1385248320912016,0.0,-1.0,-1.0
4.6000000000000005,5.368590785326405,1.703924390935718,3.065514002814264,-2.8156331954700153,1.6597817016193679,-0.14136904746811887,0.0,-1.0,-1.0
4.62,5.309300498958784,1.7361026057718036,3.0627729919616518,-2.71757842999729,1.6932858822484347,-0.14421326284503602,0.0,-1.0,-1.0
4.64,5.254859228682447,1.7699376733902181,3.059891328627088,-2.620738519205105,1.7301809341444105,-0.14593945419705845,0.0,-1.0,-1.0
4.66,5.200565610765467,1.8038231921141403,3.057005382429688,-2.5239356006926865,1.7671792379441598,-0.1476316017591679,0.0,-1.0,-1.0
4.68,5.14835639500939,1.8385053742607598,3.0540830001817065,-2.427505413879737,1.8051248307914427,-0.14900732857766358,0.0,-1.0,-1.0
4.7,5.0989956540059325,1.8742762501769705,3.051110825637345,-2.3315845898257286,1.8443649573836796,-0.149950645318922,0.0,-1.0,-1.0
4.72,5.049634913002476,1.9100471260931797,3.0481386510929847,-2.235663765771724,1.8836050839759146,-0.15089396206018038,0.0,-1.0,-1.0
4.74,5.004549428082614,1.947566961024162,3.0451244322826656,-2.1403118380512405,1.9242077882145343,-0.15137805142233318,0.0,-1.0,-1.0
4.76,4.960076614279836,1.9853374327947517,3.042104188264292,-2.0450414367575647,1.9650057584097167,-0.15179633060941095,0.0,-1.0,-1.0
4.78,4.917190146739444,2.023787231057654,3.0390769794843946,-1.9499337162872383,2.006177706760019,-0.1520877460641818,0.0,-1.0,-1.0
4.8,4.877572115936036,2.06363668317704,3.0360354208220244,-1.855161176093795,2.048120182938951,-0.15211777717110003,0.0,-1.0,-1.0
4.82,4.837954085132624,2.103486135296428,3.032993862159654,-1.7603886359003473,2.0900626591178857,-0.1521478082780183,0.0,-1.0,-1.0
4.84,4.802097503827079,2.1450002521556195,3.029951111585659,-1.6659219641932617,2.13268742165789,-0.15194524463919515,0.0,-1.0,-1.0
4.86,4.76730888604902,2.1869870062863273,3.0269080226000638,-1.571542135706538,2.175505901260785,-0.15167664190951663,0.0,-1.0,-1.0
4.88,4.7336310758201785,2.2294777143990587,3.023868094946128,-1.477235616777065,2.2184841810939973,-0.15135335166166172,0.0,-1.0,-1.0
4.9,4.703651859289503,2.273646409867388,3.0208386934012026,-1.3831731925754627,2.261994538806266,-0.150847971446703,0.0,-1.0,-1.0
4.92,4.673672642758829,2.3178151053357143,3.017809291856277,-1.2891107683738643,2.3055048965185327,-0.15034259123174432,0.0,-1.0,-1.0
4.94,4.646967531361037,2.363498300209393,3.014797481479873,-1.1952271161828776,2.3493979000580714,-0.14970585323721372,0.0,-1.0,-1.0
4.96,4.621781541810541,2.409884193695669,3.0117938330675287,-1.1014264107684912,2.393468443906299,-0.14900816775790163,0.0,-1.0,-1.0
4.98,4.597241660954802,2.4565736495212467,3.0087949903829654,-1.0075968802300703,2.437476604257435,-0.14824562628603996,0.0,-1.0,-1.0
5.0,4.576835561735331,2.505205286954712,3.0058268945826567,-0.9135829275203592,2.481085637098315,-0.14706813836139473,0.0,-1.0,-1.0
5.0200000000000005,4.556429462515859,2.5538369243881793,3.0028587987823476,-0.8195689748106437,2.524694669939197,-0.14589065043674945,0.0,-1.0,-1.0
5.04,4.536023363296388,2.6024685618216448,2.9998907029820385,-0.7255550221009326,2.568303702780077,-0.14471316251210423,0.0,-1.0,-1.0
5.0600000000000005,4.521453537797043,2.6538073958466173,2.996995704223525,-0.6312414489992435,2.6112495520153125,-0.14284899190780312,0.0,-1.0,-1.0
5.08,4.506969755136015,2.7051861414469838,2.9941017831178507,-0.536923458663176,2.654185624087498,-0.14097469769902202,0.0,-1.0,-1.0
5.1000000000000005,4.492485972474985,2.7565648870473525,2.991207862012177,-0.4426054683271044,2.6971216961596856,-0.13910040349024086,0.0,-1.0,-1.0
5.12,4.482967894776869,2.8102041543723373,2.988412619769586,-0.34789642758049183,2.7391613774342027,-0.13630365507090375,0.0,-1.0,-1.0
5.14,4.474425581225762,2.864287615637335,2.9856367679856275,-0.2531105451823649,2.7810249173534425,-0.1333256438192717,0.0,-1.0,-1.0
5.16,4.465883267674654,2.918371076902335,2.9828609162016693,-0.1583246627842338,2.8228884572726844,-0.13034763256763954,0.0,-1.0,-1.0
5.18,4.461437437530219,2.9742638086228586,2.9802137689607147,-0.06298320245252352,2.863396123376427,-0.12598893266788755,0.0,-1.0,-1.0
5.2,4.4588660674896605,3.0309844224435487,2.977625514068904,0.03261247804017106,2.9032833716435222,-0.12099846021351937,0.0,-1.0,-1.0
5.22,4.456294697449102,3.087705036264236,2.9750372591770935,0.12820815853286135,2.943170619910615,-0.11600798775915142,0.0,-1.0,-1.0
5.24,4.4569533169030695,3.145773361531766,2.9726176225064957,0.22471969011994433,2.980465540221805,-0.10843442896210673,0.0,-1.0,-1.0
5.26,4.460403902808196,3.205006633357724,2.970343737522546,0.3220228730526763,3.015519681516359,-0.09862807949456114,0.0,-1.0,-1.0
5.28,4.463854488713321,3.264239905183685,2.9680698525385956,0.41932605598541267,3.050573822810915,-0.08882173002701513,0.0,-1.0,-1.0
5.3,4.469675163064784,3.3243270176834465,2.9660348283490534,0.5178160921827639,3.0748767952242226,-0.06841242464477913,0.0,-1.0,-1.0
5.32,4.479255267353753,3.3857684906906913,2.9643786847125893,0.6181887128470946,3.082126283318091,-0.031184730078246646,0.0,-1.0,-1.0
5.34,4.488835371642721,3.447209963697933,2.962722541076125,0.7185613335114209,3.0893757714119587,0.006042964488284189,0.0,-1.0,-1.0
5.36,4.4999137892533385,3.5087596535128456,2.9616221142310946,0.7774903988614741,3.0784634235113404,0.04116944863059216,0.0,-1.0,-1.0
5.38,4.515816768139553,3.5706578008980774,2.9623110926282177,0.7029714268729899,3.0090700560758554,0.06953004589322176,0.0,-1.0,-1.0
5.4,4.531719747025767,3.6325559482833123,2.9630000710253412,0.6284524548845023,2.9396766886403674,0.09789064315585262,0.0,-1.0,-1.0
5.42,4.547213076379632,3.694072622873638,2.963844954758992,0.5528608551768583,2.8714525441172665,0.12484733770107455,0.0,-1.0,-1.0
5.44,4.558421805859174,3.7515994032738247,2.9663204811091757,0.46605044468636053,2.81545751728589,0.13712035526984848,0.0,-1.0,-1.0
5.46,4.569630535338716,3.8091261836740093,2.9687960074593596,0.3792400341958666,2.7594624904545157,0.14939337283862186,0.0,-1.0,-1.0
5.48,4.580839264818258,3.8666529640741962,2.9712715338095435,0.29242962370536885,2.703467463623139,0.16166639040739578,0.0,-1.0,-1.0
5.5,4.58692088376993,3.9208726216310072,2.9744719169738927,0.20337654385561735,2.650786703614121,0.17022850655549018,0.0,-1.0,-1.0
5.5200000000000005,4.592661076753825,3.9748720503452355,2.9777205700044624,0.11417411954522885,2.5983266481815175,0.17854350532587343,0.0,-1.0,-1.0
5.54,4.598401269737719,4.028871479059461,2.9809692230350318,0.024971695234844327,2.5458665927489164,0.18685850409625632,0.0,-1.0,-1.0
5.5600000000000005,4.599714279379762,4.080267275806066,2.9846305557021435,-0.06501653433997895,2.494678371155742,0.19377456712605326,0.0,-1.0,-1.0
5.58,4.599835253308184,4.130962034883595,2.988403003908653,-0.1552163449284648,2.44383259559232,0.20031396146267114,0.0,-1.0,-1.0
5.6000000000000005,4.599956227236606,4.181656793961127,2.9921754521151622,-0.24541615551695464,2.392986820028895,0.20685335579928932,0.0,-1.0,-1.0
5.62,4.5964511243417405,4.230307527811441,2.9962107871956816,-0.32516048309483225,2.3291027051338884,0.19555839395828684,0.0,-1.0,-1.0
5.64,4.590890049846288,4.277799307226192,3.000395178121808,-0.39897659205302377,2.257825902027647,0.17415142081613133,0.0,-1.0,-1.0
5.66,4.585328975350835,4.325291086640946,3.004579569047935,-0.4727927010112185,2.186549098921403,0.15274444767397488,0.0,-1.0,-1.0
5.68,4.576095471597107,4.369236769941202,3.0076989404870154,-0.5363755339324746,2.106758960873644,0.1266204986343236,0.0,-1.0,-1.0
5.7,4.566510752600833,4.4128433199541055,3.0107164580710175,-0.5989797006160558,2.026154644311861,0.1000454384316226,0.0,-1.0,-1.0
5.72,4.556287008036623,4.4556271097275895,3.013462713471708,-0.6571934762017136,1.9428889180710356,0.07435103096151757,0.0,-1.0,-1.0
5.74,4.543289796637809,4.494839996627474,3.015031650300741,-0.6963522957543558,1.8480722745453866,0.052478788470722515,0.0,-1.0,-1.0
5.76,4.530292585238996,4.534052883527355,3.016600587129773,-0.7355111153069962,1.7532556310197418,0.030606545979928422,0.0,-1.0,-1.0
5.78,4.5163096379183285,4.5708789729552874,3.0176189390494295,-0.7618669656173106,1.65493119566172,0.011279868143186371,0.0,-1.0,-1.0
5.8,4.501177917248093,4.604923496584702,3.0179956411554345,-0.7733022783527352,1.5525187914232674,-0.005080217151526584,0.0,-1.0,-1.0
5.82,4.486046196577856,4.638968020214118,3.01837234326144,-0.7847375910881602,1.4501063871848103,-0.02144030244624026,0.0,-1.0,-1.0
5.84,4.470455483708161,4.668901900281712,3.0180923819506686,-0.7781826368957735,1.3476888132142208,-0.03562637017911488,0.0,-1.0,-1.0
5.86,4.454700435232485,4.697364023091772,3.017577311675847,-0.7651865243986538,1.2452693882948211,-0.049034061952964086,0.0,-1.0,-1.0
5.88,4.438953112733466,4.725765259226192,3.017054270747209,-0.7519849258538999,1.1428951060790888,-0.062428512416500964,0.0,-1.0,-1.0
5.9,4.423906469744329,4.748644598526386,3.015808360198686,-0.720147513414148,1.0446148781014195,-0.07462209013205552,0.0,-1.0,-1.0
5.92,4.408859826755194,4.771523937826579,3.014562449650163,-0.6883101009743975,0.9463346501237545,-0.08681566784760954,0.0,-1.0,-1.0
5.94,4.394308569318689,4.792874050932858,3.0131268087883933,-0.6525061388490578,0.8496514652338688,-0.09875574395697838,0.0,-1.0,-1.0
5.96,4.380997352800707,4.810396230333636,3.011216238145848,-0.6067731751826722,0.7569659721760954,-0.11006125904026866,0.0,-1.0,-1.0
5.98,4.367686136282724,4.827918409734413,3.0093056675033028,-0.5610402115162844,0.6642804791183179,-0.12136677412355944,0.0,-1.0,-1.0
6.0,4.35577092892186,4.842611343298761,3.0070499934317003,-0.5093339106192638,0.5749085121329452,-0.13095708573054865,0.0,-1.0,-1.0
6.0200000000000005,4.3449525718943,4.85508132637395,3.0045231701278343,-0.452934333249841,0.4881399966782351,-0.13919975466981513,0.0,-1.0,-1.0
6.04,4.334134214866741,4.867551309449139,3.0019963468239683,-0.3965347558804207,0.4013714812235288,-0.14744242360908125,0.0,-1.0,-1.0
6.0600000000000005,4.325881508488816,4.876074140640793,2.999094559559287,-0.33177051821450854,0.32069419692147283,-0.14426863113945457,0.0,-1.0,-1.0
6.08,4.3181374377184705,4.883814456100319,2.9961184363665803,-0.265348001751879,0.24122448819431958,-0.13883154581430246,0.0,-1.0,-1.0
6.1000000000000005,4.310788377861014,4.89108216973951,2.993174647209862,-0.19791909437036337,0.16360280587528211,-0.12862410611023223,0.0,-1.0,-1.0
6.12,4.306664934036027,4.894490668458562,2.990494894264488,-0.12227210850812575,0.10107190564839084,-0.07946247283064567,0.0,-1.0,-1.0
6.140000000000001,4.302541490211039,4.897899167177613,2.987815141319113,-0.04662512264588478,0.0385410054214968,-0.030300839551056932,0.0,-1.0,-1.0
6.16,4.3,4.9,2.986163471945712,0.013223261356292162,-0.0020719928526025362,-0.028462509761983185,1.0,-1.0,-1.0
6.18,4.3,4.9,2.986163471945712,0.04769037524953358,-0.007472749270583438,-0.1026515119469064,0.0,-1.0,-1.0
6.2,4.3,4.9,2.986163471945712,0.08215748914277653,-0.01287350568856458,-0.1768405141318329,0.0,-1.0,-1.0
6.22,4.3,4.9,2.986163471945712,0.11662460303601795,-0.018274262106545484,-0.25102951631675613,0.0,-1.0,-1.0
6.24,4.3,4.9,2.986163471945712,0.1510917169292609,-0.023675018524526623,-0.32521851850168265,0.0,-1.0,-1.0
6.26,4.302488862127829,4.899610012658676,2.9808063016757735,0.1494999427290826,-0.10475032297288732,-0.3596450271839262,0.0,-1.0,-1.0
6.28,4.305658805822215,4.899113304584855,2.973983132193194,0.13804058939850475,-0.20653410264967267,-0.3831904585006358,0.0,-1.0,-1.0
6.3,4.308828749516602,4.898616596511033,2.9671599627106153,0.1265812360679274,-0.30831788232645346,-0.4067358898173444,0.0,-1.0,-1.0
6.32,4.311998693210989,4.898119888437211,2.9603367932280364,0.11512188273734957,-0.4101016620032388,-0.43028132113405393,0.0,-1.0,-1.0
6.34,4.314971934457212,4.895876038263114,2.9531094609755817,0.10544104071769728,-0.512081729314356,-0.4529563721278864,0.0,-1.0,-1.0
6.36,4.317087960352025,4.88601826643511,2.944120815968559,0.10351082515242657,-0.6149172042475771,-0.47183836725841566,0.0,-1.0,-1.0
6.38,4.319203986246838,4.876160494607108,2.9351321709615363,0.10158060958715595,-0.7177526791807938,-0.4907203623889441,0.0,-1.0,-1.0
6.4,4.321320012141651,4.866302722779105,2.926143525954514,0.09965039402188525,-0.820588154114015,-0.5096023575194734,0.0,-1.0,-1.0
6.42,4.323436038036465,4.8564449509511025,2.9171548809474914,0.09772017845661463,-0.9234236290472315,-0.5284843526500018,0.0,-1.0,-1.0
6.44,4.325447657041015,4.841024726752633,2.9071448938535953,0.10868840390632378,-1.0252656958584745,-0.5271433570632765,0.0,-1.0,-1.0
6.46,4.327386160829425,4.821709166659169,2.896419669985144,0.12868929281611152,-1.1264120878021904,-0.5116403810408444,0.0,-1.0,-1.0
6.48,4.329324664617836,4.802393606565705,2.8856944461166925,0.14869018172590012,-1.227558479745911,-0.4961374050184116,0.0,-1.0,-1.0
6.5,4.331263168406247,4.783078046472242,2.8749692222482413,0.16869107063568783,-1.328704871689627,-0.48063442899597947,0.0,-1.0,-1.0
6.5200000000000005,4.333201672194658,4.763762486378777,2.86424399837979,0.18869195954547646,-1.4298512636333476,-0.4651314529735467,0.0,-1.0,-1.0
6.54,4.336960583979727,4.735240950413045,2.854929798873832,0.25774343706552744,-1.493093419157712,-0.39907823979490253,0.0,-1.0,-1.0
6.5600000000000005,4.3407385713952875,4.7066229471749335,2.845630385162818,0.3273089042546277,-1.5559383850359485,-0.33249532248013225,0.0,-1.0,-1.0
6.58,4.344516558810849,4.678004943936823,2.836330971451804,0.3968743714437249,-1.6187833509141822,-0.265912405165365,0.0,-1.0,-1.0
6.6000000000000005,4.348294546226409,4.649386940698712,2.8270315577407903,0.4664398386328251,-1.6816283167924186,-0.1993294878505948,0.0,-1.0,-1.0
6.62,4.354574930286683,4.618508289496815,2.820127252919519,0.5456455510790712,-1.7076985199722214,-0.14167279370378524,0.0,-1.0,-1.0
6.640000000000001,4.364750860238023,4.584110428858206,2.816951476352873,0.6398584838553641,-1.6765204943280596,-0.09791178314420748,0.0,-1.0,-1.0
6.66,4.374926790189364,4.549712568219597,2.8137756997862278,0.7340714166316529,-1.645342468683899,-0.054150772584631676,0.0,-1.0,-1.0
6.68,4.385102720140704,4.5153147075809885,2.810599923219582,0.8282843494079415,-1.6141644430397388,-0.010389762025055871,0.0,-1.0,-1.0
6.7,4.395278650092045,4.480916846942379,2.8074241466529366,0.9224972821842343,-1.5829864173955768,0.03337124853452189,0.0,-1.0,-1.0
6.72,4.412322456413054,4.448791782821876,2.807438433291823,0.9964261798946374,-1.5166407105557265,0.06360332066063137,0.0,-1.0,-1.0
6.74,4.431163158619737,4.417261368123191,2.808287360966821,1.065048007822058,-1.441093809890035,0.09029571145002063,0.0,-1.0,-1.0
6.76,4.45000386082642,4.385730953424509,2.809136288641818,1.1336698357494759,-1.3655469092243468,0.11698810223940873,0.0,-1.0,-1.0
6.78,4.468844563033103,4.3542005387258245,2.8099852163168153,1.2022916636768965,-1.2900000085586552,0.14368049302879798,0.0,-1.0,-1.0
6.8,4.488910360602751,4.324018851691317,2.8113106793038294,1.268542942753752,-1.2124938397925888,0.16951010743193415,0.0,-1.0,-1.0
6.82,4.514062218753897,4.299436492525725,2.814614508660848,1.3249527389307232,-1.1268536460720908,0.1917578513118336,0.0,-1.0,-1.0
6.84,4.539214076905042,4.274854133360135,2.8179183380178663,1.381362535107692,-1.0412134523515966,0.21400559519173204,0.0,-1.0,-1.0
6.86,4.5643659350561885,4.250271774194543,2.8212221673748847,1.437772331284663,-0.9555732586310987,0.23625333907163146,0.0,-1.0,-1.0
6.88,4.589517793207333,4.225689415028953,2.824525996731903,1.4941821274616318,-0.8699330649106045,0.2585010829515299,0.0,-1.0,-1.0
6.9,4.617759690532656,4.205798289858431,2.829048522215925,1.5469554839012265,-0.7819304361252589,0.27938878222303926,0.0,-1.0,-1.0
6.92,4.648099562923888,4.189092267333942,2.834398478662228,1.597259887855861,-0.69232383742837,0.29935308230246843,0.0,-1.0,-1.0
6.94,4.678439435315121,4.172386244809451,2.8397484351085307,1.6475642918104978,-0.6027172387314771,0.3193173823818985,0.0,-1.0,-1.0
6.96,4.708779307706353,4.155680222284961,2.8450983915548336,1.6978686957651323,-0.5131106400345882,0.3392816824613277,0.0,-1.0,-1.0
6.98,4.739119180097585,4.138974199760471,2.8504483480011364,1.748173099719769,-0.42350404133769515,0.3592459825407578,0.0,-1.0,-1.0
7.0,4.774072166333314,4.130485458597264,2.857629110139425,1.7958017605474104,-0.3314714313128859,0.3613644085273955,0.0,-1.0,-1.0
7.0200000000000005,4.80903853946986,4.122020563351213,2.864815185134721,1.8434226565747345,-0.23943178119018596,0.36343104716290253,0.0,-1.0,-1.0
7.04,4.844004912606405,4.113555668105162,2.8720012601300167,1.8910435526020564,-0.1473921310674901,0.3654976857984095,0.0,-1.0,-1.0
7.0600000000000005,4.878971285742951,4.105090772859111,2.8791873351253128,1.9386644486293805,-0.05535248094479012,0.36756432443391657,0.0,-1.0,-1.0
7.08,4.915683414444166,4.1,2.8864491719436542,2.0085972299700248,-1.191970957687406e-15,0.37055201730279436,6.0,-1.0,-1.0
7.1000000000000005,4.955029485850502,4.1,2.8938253158879053,2.11219350277983,-9.529705382700908e-16,0.3749293686829232,0.0,-1.0,-1.0
7.12,4.994375557256835,4.1,2.901201459832156,2.2157897755896308,-7.139701188527861e-16,0.3793067200630518,0.0,-1.0,-1.0
7.140000000000001,5.033721628663171,4.1,2.908577603776407,2.319386048399436,-4.749696994354709e-16,0.3836840714431806,0.0,-1.0,-1.0
7.16,5.0730677000695055,4.1,2.9159537477206574,2.422982321209237,-2.359692800181662e-16,0.38806142282330924,0.0,-1.0,-1.0
7.18,5.11241377147584,4.1,2.9233298916649084,2.5265785940190377,3.031139399138418e-18,0.39243877420343787,0.0,-1.0,-1.0
7.2,5.1575239809984055,4.1,2.9309495931933656,2.6301748533991827,3.6489444847205096e-16,0.39681641955603836,0.0,-1.0,-1.0
7.22,5.209155351891599,4.1,2.9388448395262015,2.733771097585901,8.65756635391083e-16,0.40119439748948377,0.0,-1.0,-1.0
7.24,5.260786722784795,4.1,2.946740085859038,2.8373673417726235,1.3666188223101375e-15,0.4055723754229294,0.0,-1.0,-1.0
7.26,5.312418093677989,4.1,2.9546353321918737,2.9409635859593415,1.8674810092291696e-15,0.4099503533563748,0.0,-1.0,-1.0
7.28,5.364049464571185,4.1,2.96253057852471,3.0445598301460643,2.368343196148224e-15,0.41432833128982044,0.0,-1.0,-1.0
7.3,5.415680835464379,4.1,2.970425824857546,3.1481560743327828,2.869205383067256e-15,0.4187063092232659,0.0,-1.0,-1.0
7.32,5.473943538406631,4.1,2.9786013113246463,3.2517522824725615,2.6234093223916913e-15,0.42308459303816737,0.0,-1.0,-1.0
7.34,5.537860205392322,4.1,2.9870157343479216,3.355348459878221,1.7410022681162706e-15,0.42746313765176486,0.0,-1.0,-1.0
7.36,5.601776872378017,4.1,2.995430157371197,3.458944637283885,8.585952138408106e-16,0.43184168226536257,0.0,-1.0,-1.0
7.38,5.665693539363709,4.1,3.0038445803944724,3.562540814689544,-2.381184043461064e-17,0.43622022687896006,0.0,-1.0,-1.0
7.4,5.729610206349404,4.1,3.012259003417748,3.666136992095208,-9.062188947100705e-16,0.4405987714925578,0.0,-1.0,-1.0
7.42,5.793526873335096,4.1,3.0206734264410233,3.7697331695008676,-1.7886259489854913e-15,0.44497731610615526,0.0,-1.0,-1.0
7.44,5.86494206306151,4.1,3.029404778304518,3.797280927195418,-1.692598149881088e-15,0.41674088204154014,0.0,-1.0,-1.0
7.46,5.941144018220253,4.1,3.0383384452198334,3.7762823299286303,-9.719755744597083e-16,0.3676843134102434,0.0,-1.0,-1.0
7.48,6.017345973378999,4.1,3.0472721121351496,3.7552837326618413,-2.513529990382968e-16,0.3186277447789444,0.0,-1.0,-1.0
7.5,6.093547928537743,4.1,3.056205779050465,3.7342851353950537,4.692695763830829e-16,0.26957117614764764,0.0,-1.0,-1.0
7.5200000000000005,6.169749883696489,4.1,3.065139445965781,3.713286538128265,1.1898921518044946e-15,0.2205146075163487,0.0,-1.0,-1.0
7.54,6.245951838855232,4.1,3.0740731128810967,3.692287940861477,1.9105147272258743e-15,0.1714580388850519,0.0,-1.0,-1.0
7.5600000000000005,6.320458091128227,4.1,3.079045307325834,3.615044188817788,1.5454678564972101e-15,0.1528245802545585,0.0,-1.0,-1.0
7.58,6.394169859630351,4.1,3.0821614421901686,3.511448023839216,6.717547785331231e-16,0.14844519134233364,0.0,-1.0,-1.0
7.6000000000000005,6.467881628132478,4.1,3.0852775770545033,3.4078518588606395,-2.0195829943100305e-16,0.1440658024301086,0.0,-1.0,-1.0
7.62,6.541593396634601,4.1,3.088393711918838,3.3042556938820673,-1.0756713773950903e-15,0.13968641351788375,0.0,-1.0,-1.0
7.640000000000001,6.6153051651367285,4.1,3.091509846783173,3.2006595289034907,-1.949384455359216e-15,0.13530702460565872,0.0,-1.0,-1.0
7.66,6.689016933638853,4.1,3.094625981647508,3.097063363924919,-2.823097533323303e-15,0.13092763569343385,0.0,-1.0,-1.0
7.68,6.753495790574996,4.1,3.0973518075602713,2.9934671557042947,-2.796880855698829e-15,0.12654819273037962,0.0,-1.0,-1.0
7.7,6.814922272377777,4.1,3.099948598408679,2.889870933187962,-2.473149879567071e-15,0.12216873189826988,0.0,-1.0,-1.0
7.72,6.876348754180556,4.1,3.1025453892570867,2.786274710671634,-2.149418903435328e-15,0.11778927106616033,0.0,-1.0,-1.0
7.74,6.937775235983338,4.1,3.1051421801054944,2.682678488155302,-1.8256879273035704e-15,0.11340981023405058,0.0,-1.0,-1.0
7.76,6.999201717786117,4.1,3.107738970953902,2.5790822656389745,-1.501956951171827e-15,0.10903034940194103,0.0,-1.0,-1.0
7.78,7.060628199588899,4.1,3.1103357618023098,2.475486043122642,-1.1782259750400696e-15,0.10465088856983129,0.0,-1.0,-1.0
7.8,7.111954569353674,4.1,3.1125055771877523,2.371889805028889,-8.528986151938819e-16,0.10027139452116703,0.0,-1.0,-1.0
7.82,7.161095757633811,4.1,3.1145830154913807,2.268293563564921,-5.2722587421506875e-16,0.09589189328602782,0.0,-1.0,-1.0
7.84,7.2102369459139455,4.1,3.1166604537950087,2.1646973221009578,-2.0155313323627003e-16,0.09151239205088879,0.0,-1.0,-1.0
7.86,7.259378134194082,4.1,3.118737892098637,2.06110108063699,1.2411960774254298e-16,0.08713289081574957,0.0,-1.0,-1.0
7.88,7.308519322474217,4.1,3.1208153304022654,1.9575048391730265,4.497923487213416e-16,0.08275338958061054,0.0,-1.0,-1.0
7.9,7.357660510754354,4.1,3.122892768705894,1.8539085977090586,7.754650897001548e-16,0.07837388834547132,0.0,-1.0,-1.0
7.92,7.39583438964655,4.1,3.1245065671676526,1.75031234777714,4.481679885622604e-16,0.07399436949108629,0.0,-1.0,-1.0
7.94,7.432690282157074,4.1,3.1260646481351775,1.6467160968275882,4.24008334564554e-17,0.06961484851932428,0.0,-1.0,-1.0
7.96,7.469546174667596,4.1,3.127622729102702,1.543119845878041,-3.6336632164933154e-16,0.06523532754756248,0.0,-1.0,-1.0
7.98,7.50640206717812,4.1,3.1291808100702267,1.4395235949284892,-7.691334767551363e-16,0.060855806575800475,0.0,-1.0,-1.0
8.0,7.543257959688642,4.1,3.1307388910377516,1.335927343978942,-1.1749006318609234e-15,0.05647628560403866,0.0,-1.0,-1.0
8.02,7.5801138521991644,4.1,3.132296972005276,1.2323310930293947,-1.5806677869667104e-15,0.052096764632276846,0.0,-1.0,-1.0
8.040000000000001,7.605135238735516,4.1,3.133354750436471,1.128734836533439,-1.4991586892299453e-15,0.04771723646852086,0.0,-1.0,-1.0
8.06,7.629705834351547,4.1,3.134393471727361,1.0251385798262234,-1.3990886383830983e-15,0.04333770803081335,0.0,-1.0,-1.0
8.08,7.654276429967579,4.1,3.1354321930182505,0.9215423231190076,-1.2990185875362515e-15,0.03895817959310584,0.0,-1.0,-1.0
8.1,7.678847025583611,4.1,3.1364709143091405,0.8179460664117919,-1.1989485366894046e-15,0.03457865115539832,0.0,-1.0,-1.0
8.120000000000001,7.7034176211996455,4.1,3.1375096356000305,0.7143498097045669,-1.0988784858425485e-15,0.030199122717690426,0.0,-1.0,-1.0
8.14,7.727571812130814,4.1,3.1385307533961906,0.610753552865456,-9.964713439661725e-16,0.025819594232287642,0.0,-1.0,-1.0
8.16,7.739857110169563,4.1,3.139050114125072,0.5071572922669014,-8.274494781982177e-16,0.02144006438741379,0.0,-1.0,-1.0
8.18,7.752142408208313,4.1,3.1395694748539538,0.403561031668347,-6.584276124302629e-16,0.01706053454253994,0.0,-1.0,-1.0
8.2,7.764427706247062,4.1,3.1400888355828354,0.2999647710697926,-4.89405746662308e-16,0.012681004697666086,0.0,-1.0,-1.0
8.22,7.776713004285813,4.1,3.140608196311717,0.19636851047122894,-3.203838808943381e-16,0.008301474852791844,0.0,-1.0,-1.0
8.24,7.788998302324562,4.1,3.1411275570405985,0.09277224987267452,-1.513620151263832e-16,0.003921945007917992,0.0,-1.0,-1.0
8.26,7.8,4.1,3.141592653589793,-0.010514278395050128,-0.00218083270406225,-0.0020706991320514124,0.0,-1.0,-1.0
8.28,7.8,4.1,3.141592653589793,-0.1111461007578102,-0.023053512790353965,-0.021889294321752562,0.0,-1.0,-1.0
8.3,7.8,4.1,3.141592653589793,-0.2117779231205792,-0.043926192876647535,-0.04170788951145547,0.0,-1.0,-1.0
8.32,7.8,4.1,3.141592653589793,-0.3124097454833393,-0.06479887296293925,-0.06152648470115662,0.0,-1.0,-1.0
8.34,7.8,4.1,3.141592653589793,-0.41304156784609936,-0.08567155304923096,-0.08134507989085776,0.0,-1.0,-1.0
8.36,7.8,4.1,3.141592653589793,-0.5136733902088594,-0.10654423313552268,-0.10116367508055892,0.0,-1.0,-1.0
8.38,7.790579304963474,4.098045994308052,3.1397373265476025,-0.6148321187654594,-0.1251476980520483,-0.11998523459832867,0.0,-1.0,-1.0
8.4,7.780103049031072,4.095873048082445,3.137674115621346,-0.7160498855959618,-0.14349690414921218,-0.13869507923062313,0.0,-1.0,-1.0
8.42,7.76962679309867,4.093700101856837,3.1356109046950893,-0.8172676524264644,-0.16184611024637605,-0.15740492386291757,0.0,-1.0,-1.0
8.44,7.759150537166268,4.09152715563123,3.1335476937688322,-0.9184854192569669,-0.1801953163435399,-0.17611476849521202,0.0,-1.0,-1.0
8.46,7.748674281233864,4.089354209405622,3.131484482842575,-1.0197031860874786,-0.19854452244070542,-0.19482461312750815,0.0,-1.0,-1.0
8.48,7.730885144135806,4.0858555516189465,3.128069504586251,-1.1214102587718588,-0.21443033423722324,-0.21243808370117773,0.0,-1.0,-1.0
8.5,7.70987163263826,4.081772364927482,3.124058508990878,-1.22333307477724,-0.22922999334796398,-0.22956814419791424,0.0,-1.0,-1.0
8.52,7.688858121140713,4.077689178236017,3.1200475133955052,-1.3252558907826213,-0.2440296524587047,-0.24669820469465076,0.0,-1.0,-1.0
8.540000000000001,7.667844609643166,4.073605991544553,3.116036517800132,-1.4271787067880115,-0.2588293115694468,-0.2638282651913888,0.0,-1.0,-1.0
8.56,7.646831098145619,4.069522804853088,3.112025522204759,-1.5291015227933926,-0.2736289706801875,-0.2809583256881253,0.0,-1.0,-1.0
8.58,7.620631498147941,4.064686574388618,3.1071429061692286,-1.6314154149905202,-0.28582366747613497,-0.2969230782106062,0.0,-1.0,-1.0
8.6,7.589007332080568,4.05906267211717,3.1013485890192243,-1.7341383666628878,-0.29529361513112545,-0.3116689371299929,0.0,-1.0,-1.0
8.620000000000001,7.557383166013192,4.053438769845722,3.0955542718692195,-1.8368613183352647,-0.30476356278611677,-0.32641479604938084,0.0,-1.0,-1.0
8.64,7.525758999945819,4.0478148675742744,3.0897599547192156,-1.9395842700076322,-0.31423351044110726,-0.34116065496876746,0.0,-1.0,-1.0
8.66,7.494134833878446,4.042190965302826,3.0839656375692113,-2.04230722168,-0.3237034580960978,-0.35590651388815414,0.0,-1.0,-1.0
8.68,7.459478694238275,4.0362875477861655,3.077736081226564,-2.1452158375124255,-0.3306848107039532,-0.36953606871435624,0.0,-1.0,-1.0
8.700000000000001,7.41716057563596,4.029677778490044,3.070406649354839,-2.2485936378064757,-0.3313773344554156,-0.3803446561831699,0.0,-1.0,-1.0
8.72,7.37484245703365,4.023068009193924,3.0630772174831145,-2.3519714381005166,-0.33206985820687795,-0.3911532436519827,0.0,-1.0,-1.0
8.74,7.33252433843134,4.016458239897804,3.05574778561139,-2.4553492383945574,-0.3327623819583403,-0.40196183112079537,0.0,-1.0,-1.0
8.76,7.290206219829029,4.009848470601684,3.048418353739666,-2.5587270386885987,-0.33345490570980263,-0.4127704185896081,0.0,-1.0,-1.0
8.78,7.2470456187697465,4.003233057549264,3.0410008367539105,-2.6620286087907803,-0.3328574208006897,-0.4229962216008918,0.0,-1.0,-1.0
8.8,7.193965374746457,3.9965511932051827,3.032546179024873,-2.764432621584729,-0.3170709842078132,-0.4263601443488995,0.0,-1.0,-1.0
8.82,7.1408851307231735,3.989869328861102,3.0240915212958366,-2.866836634378668,-0.30128454761493817,-0.42972406709690697,0.0,-1.0,-1.0
8.84,7.087804886699891,3.9831874645170213,3.0156368635667996,-2.969240647172607,-0.28549811102206313,-0.4330879898449145,0.0,-1.0,-1.0
8.86,7.034724642676607,3.976505600172941,3.0071822058377626,-3.0716446599665463,-0.26971167442918803,-0.43645191259292193,0.0,-1.0,-1.0
8.88,6.981644398653318,3.96982373582886,2.998727548108725,-3.1740486727604944,-0.2539252378363116,-0.43981583534092966,0.0,-1.0,-1.0
8.9,6.919256871871716,3.964576667105648,2.9899671506011525,-3.265414987706562,-0.20740067237357876,-0.4284709119823855,0.0,-1.0,-1.0
8.92,6.8555158783822545,3.959538246615853,2.981162292360811,-3.355176198675837,-0.1564061627641421,-0.4149870256167853,0.0,-1.0,-1.0
8.94,6.791774884892793,3.954499826126057,2.9723574341204695,-3.4449374096451115,-0.10541165315470544,-0.401503139251185,0.0,-1.0,-1.0
8.96,6.728033891403325,3.9494614056362614,2.9635525758801275,-3.534698620614394,-0.05441714354526425,-0.3880192528855836,0.0,-1.0,-1.0
8.98,6.664292897913864,3.944422985146466,2.954747717639786,-3.6244598315836694,-0.0034226339358275903,-0.37453536651998337,0.0,-1.0,-1.0
9.0,6.5943115800843515,3.9429297739524056,2.9468802779500316,-3.6698294100659443,0.07826183988935251,-0.34192244514696735,0.0,-1.0,-1.0
9.02,6.521226013508191,3.9432001267837373,2.9394791570286887,-3.6931163752095193,0.17521303348099498,-0.2997937871374369,0.0,-1.0,-1.0
9.040000000000001,6.448140446932025,3.9434704796150686,2.9320780361073457,-3.7164033403530965,0.27216422707264604,-0.25766512912790274,0.0,-1.0,-1.0
9.06,6.375054880355865,3.9437408324464003,2.9246769151860033,-3.7396903054966715,0.3691154206642885,-0.2155364711183723,0.0,-1.0,-1.0
9.08,6.301969313779704,3.9440111852777315,2.9172757942646603,-3.7629772706402465,0.466066614255931,-0.17340781310884185,0.0,-1.0,-1.0
9.1,6.2277623654321745,3.9489502143636113,2.9119033751880163,-3.7555151929926467,0.5591067694837116,-0.1279710634446015,0.0,-1.0,-1.0
9.120000000000001,6.152252513962771,3.959313651998243,2.908888049863274,-3.712326634970675,0.6476027951170007,-0.07869073164411787,0.0,-1.0,-1.0
9.14,6.076742662493374,3.969677089632874,2.905872724538532,-3.669138076948707,0.736098820750282,-0.029410399843638635,0.0,-1.0,-1.0
9.16,6.001232811023978,3.980040527267505,2.90285739921379,-3.6259495189267397,0.8245948463835633,0.019869931956840614,0.0,-1.0,-1.0
9.18,5.925722959554581,3.990403964902136,2.8998420738890482,-3.5827609609047717,0.9130908720168446,0.06915026375731984,0.0,-1.0,-1.0
9.200000000000001,5.851370061884536,4.003138072403368,2.898146891438287,-3.533130887025599,0.9976747403293883,0.11592733374905555,0.0,-1.0,-1.0
9.22,5.780356346692573,4.022714371255921,2.9002618852934408,-3.4649094079455165,1.0709673996203102,0.1554795275405089,0.0,-1.0,-1.0
9.24,5.709342631500609,4.042290670108474,2.902376879148594,-3.396687928865434,1.1442600589112322,0.19503172133196225,0.0,-1.0,-1.0
9.26,5.638328916308645,4.061866968961027,2.904491873003748,-3.3284664497853513,1.2175527182021542,0.23458391512341562,0.0,-1.0,-1.0
9.28,5.567315201116682,4.08144326781358,2.9066068668589016,-3.2602449707052688,1.290845377493076,0.27413610891486895,0.0,-1.0,-1.0
9.3,5.4966713796249715,4.101416956070653,2.908936310877144,-3.1905286074069807,1.3622308999441834,0.3115287506822574,5.0,-1.0,-1.0
9.32,5.432759847998298,4.12862337269977,2.915168878031861,-3.093604443963615,1.3989053743050932,0.3096162347936496,0.0,-1.0,-1.0
9.34,5.368848316371625,4.1558297893288865,2.9214014451865773,-2.996680280520249,1.4355798486660032,0.30770371890504183,0.0,-1.0,-1.0
9.36,5.304936784744951,4.183036205958002,2.9276340123412936,-2.899756117076883,1.472254323026913,0.30579120301643403,0.0,-1.0,-1.0
9.38,5.243970504677519,4.211357056273816,2.9338084635401653,-2.8006482731650393,1.500003833357576,0.29944215104770044,0.0,-1.0,-1.0
9.4,5.187103391157771,4.241228962313124,2.9399020296338785,-2.6985012084100592,1.5153316835155486,0.2869183802403922,0.0,-1.0,-1.0
9.42,5.130236277638023,4.271100868352431,2.9459955957275916,-2.596354143655079,1.5306595336735211,0.2743946094330839,0.0,-1.0,-1.0
9.44,5.073369164118275,4.300972774391739,2.9520891618213043,-2.494207078900099,1.5459873838314937,0.2618708386257757,0.0,-1.0,-1.0
9.46,5.022323316828019,4.3317182003575345,2.9574690098630954,-2.3918344738234016,1.5399883913698758,0.24714747116612512,0.0,-1.0,-1.0
9.48,4.972880220260965,4.362704129787471,2.9626523521828,-2.2893997714470067,1.5281175471350374,0.23181849575344696,0.0,-1.0,-1.0
9.5,4.92343712369391,4.393690059217408,2.9678356945025053,-2.1869650690706113,1.5162467029001991,0.2164895203407688,0.0,-1.0,-1.0
9.52,4.875111720348659,4.424546462599721,2.972851778153825,-2.0852698103391316,1.5011394110422192,0.20107403409345392,0.0,-1.0,-1.0
9.540000000000001,4.833113546147317,4.454669622756224,2.9769210152997383,-1.9877605207887412,1.4677106823852824,0.18516881250239578,0.0,-1.0,-1.0
9.56,4.7911153719459785,4.484792782912726,2.9809902524456517,-1.8902512312383593,1.4342819537283482,0.16926359091133902,0.0,-1.0,-1.0
9.58,4.749117197744639,4.514915943069227,2.985059489591565,-1.7927419416879775,1.4008532250714143,0.1533583693202823,0.0,-1.0,-1.0
9.6,4.710776906075102,4.543785085652856,2.988532071459909,-1.698597677152517,1.3597073479167392,0.13726529210221836,0.0,-1.0,-1.0
9.620000000000001,4.675865676764478,4.571478656189224,2.991445322038694,-1.607607937267626,1.3113270712968723,0.12099611063425397,0.0,-1.0,-1.0
9.64,4.640954447453858,4.599172226725589,2.994358572617479,-1.516618197382743,1.2629467946770094,0.10472692916629106,0.0,-1.0,-1.0
9.66,4.606043218143237,4.626865797261954,2.9972718231962636,-1.4256284574978602,1.2145665180571468,0.08845774769832813,0.0,-1.0,-1.0
9.68,4.576965801862476,4.651457463248528,2.99914197415796,-1.3400486412751913,1.157349987973993,0.07169794526589604,0.0,-1.0,-1.0
9.700000000000001,4.548667678597015,4.675634770300835,3.000872785678762,-1.2551914940344828,1.098953092567137,0.05487260465306235,0.0,-1.0,-1.0
9.72,4.5203695553315555,4.6998120773531395,3.0026035971995637,-1.170334346793782,1.0405561971602861,0.03804726404023015,0.0,-1.0,-1.0
9.74,4.493602023296203,4.722936063867556,3.0040309255180313,-1.0867570359858112,0.9804720326270734,0.021095147755503765,0.0,-1.0,-1.0
9.76,4.471471291146517,4.742869102692231,3.0045388765068726,-1.0070568840875649,0.915276425444568,0.00375897502946149,0.0,-1.0,-1.0
9.78,4.449340558996831,4.762802141516906,3.0050468274957134,-0.9273567321893185,0.8500808182620625,-0.013577197696580789,0.0,-1.0,-1.0
9.8,4.427209826847143,4.782735180341584,3.0055547784845547,-0.8476565802910649,0.7848852110795513,-0.030913370422624608,0.0,-1.0,-1.0
9.82,4.408636842854527,4.799757941760531,3.0052888572147145,-0.7704351259094205,0.7168070865957754,-0.047970679053447804,0.0,-1.0,-1.0
9.84,4.392298693000223,4.814952584096525,3.004536820552205,-0.6947706895020936,0.6469182808088962,-0.06485281648821349,0.0,-1.0,-1.0
9.86,4.3759605431459185,4.830147226432519,3.003784783889696,-0.6191062530947669,0.5770294750220171,-0.08173495392297919,0.0,-1.0,-1.0
9.88,4.3596223932916125,4.845341868768514,3.003032747227186,-0.5434418166874332,0.5071406692351317,-0.09861709135774638,0.0,-1.0,-1.0
9.9,4.3486746579917925,4.85555755859,3.0010780092209535,-0.46965746246404083,0.4346525515420112,-0.1081213910957109,0.0,-1.0,-1.0
9.92,4.337835775883962,4.865672704219849,2.999098984051099,-0.39591107432745976,0.3621119437490828,-0.11747670392827848,0.0,-1.0,-1.0
9.94,4.326996893776131,4.875787849849697,2.9971199588812443,-0.3221646861908787,0.28957133595615436,-0.12683201676084607,0.0,-1.0,-1.0
9.96,4.318013711485106,4.884077637031577,2.9949055235069273,-0.24785069393989048,0.21907582533168624,-0.1202819056859454,0.0,-1.0,-1.0
9.98,4.31253469397093,4.888920553808788,2.9922465571049544,-0.1724648805210334,0.15244212328103982,-0.08369718140873869,0.0,-1.0,-1.0
10.0,4.307055676456754,4.893763470585999,2.989587590702982,-0.09707906710217631,0.0858084212303934,-0.04711245713153196,0.0,-1.0,-1.0
10.02,4.301576658942578,4.89860638736321,2.9869286243010094,-0.021693253683319258,0.019174719179746974,-0.010527732854325234,0.0,-1.0,-1.0
10.040000000000001,4.3,4.9,2.986163471945712,0.05589330706235261,-0.021378718736146236,-0.07115267199461968,1.0,-1.0,-1.0
10.06,4.3,4.9,2.986163471945712,0.13436902955199986,-0.05139502098948116,-0.17105295765167747,0.0,-1.0,-1.0
10.08,4.3,4.9,2.986163471945712,0.21284475204164713,-0.08141132324281611,-0.2709532433087352,0.0,-1.0,-1.0
10.1,4.300364704055341,4.899860503773514,2.985699200472281,0.2915427415975891,-0.11172664216557206,-0.36989914325947054,0.0,-1.0,-1.0
10.120000000000001,4.306091154897845,4.897670184603784,2.978409378132096,0.3735084209725695,-0.1464379957446405,-0.45481401059720256,0.0,-1.0,-1.0
10.14,4.311817605740348,4.895479865434053,2.9711195557919114,0.4554741003475426,-0.18114934932370585,-0.539728877934927,0.0,-1.0,-1.0
10.16,4.317544056582852,4.893289546264324,2.963829733451727,0.5374397797225157,-0.2158607029027712,-0.6246437452726514,0.0,-1.0,-1.0
10.18,4.325753498103981,4.890047714217051,2.953967580525325,0.6205186570516265,-0.2526695075544315,-0.7032715546681577,0.0,-1.0,-1.0
10.200000000000001,4.337461065383803,4.885324473353308,2.9404814365944554,0.7051658473314988,-0.29243327602766667,-0.7730419327718914,0.0,-1.0,-1.0
10.22,4.349168632663623,4.880601232489567,2.9269952926635865,0.7898130376113636,-0.33219704450089826,-0.8428123108756189,0.0,-1.0,-1.0
10.24,4.360876199943443,4.875877991625824,2.913509148732718,0.8744602278912283,-0.37196081297412986,-0.9125826889793465,0.0,-1.0,-1.0
10.26,4.377318825866221,4.868930414963538,2.8961201365463274,0.9607485456441017,-0.41542975401234544,-0.9698583800359903,0.0,-1.0,-1.0
10.28,4.3952031820779,4.861305572709573,2.8775427793357515,1.04753655376286,-0.4600268457062012,-1.023329689748186,0.0,-1.0,-1.0
10.3,4.41308753828958,4.853680730455608,2.858965422125175,1.134324561881626,-0.504623937400061,-1.0768009994603864,0.0,-1.0,-1.0
10.32,4.4317194409070275,4.84567175223256,2.839927491083565,1.2212996279539687,-0.5497286686249698,-1.128081512176817,0.0,-1.0,-1.0
10.34,4.4559368036389895,4.834792616227594,2.817448279683733,1.3096723393507836,-0.5986263421092073,-1.1629929952993385,0.0,-1.0,-1.0
10.36,4.480154166370951,4.823913480222626,2.7949690682839003,1.3980450507475985,-0.6475240155934447,-1.1979044784218602,0.0,-1.0,-1.0
10.38,4.504371529102916,4.813034344217658,2.7724898568840666,1.4864177621444215,-0.6964216890776864,-1.232815961544385,0.0,-1.0,-1.0
10.4,4.53161646846896,4.800480014011201,2.748814606697008,1.5750002291695528,-0.7470564620097949,-1.257758827498829,0.0,-1.0,-1.0
10.42,4.562282475081829,4.786032766561867,2.7237878699530618,1.6638197135179762,-0.7996541031840111,-1.2714374667097015,0.0,-1.0,-1.0
10.44,4.592948481694697,4.771585519112533,2.6987611332091155,1.7526391978663993,-0.8522517443582274,-1.285116105920574,0.0,-1.0,-1.0
10.46,4.6236144883075685,4.757138271663199,2.673734396465167,1.8414586822148304,-0.9048493855324483,-1.2987947451314477,0.0,-1.0,-1.0
10.48,4.659601215861546,4.739540168600352,2.6478882424207364,1.9288099453086316,-0.9600064781748521,-1.2916627613318319,0.0,-1.0,-1.0
10.5,4.696748467818091,4.721254819416365,2.6218633618872405,2.0158409686053793,-1.0157218233395928,-1.2799916866639556,0.0,-1.0,-1.0
10.52,4.733895719774638,4.702969470232377,2.595838481353745,2.102871991902127,-1.0714371685043333,-1.2683206119960793,0.0,-1.0,-1.0
10.540000000000001,4.772137787431077,4.683983244139206,2.5699604183032196,2.188778958019914,-1.1273206192492466,-1.2500899033247987,0.0,-1.0,-1.0
10.56,4.815635778965043,4.661632291286504,2.5447871875952295,2.269289619565843,-1.1840111009244183,-1.20036810716745,0.0,-1.0,-1.0
10.58,4.859133770499009,4.639281338433802,2.5196139568872393,2.349800281111772,-1.2407015825995902,-1.1506463110101013,0.0,-1.0,-1.0
10.6,4.902631762032976,4.6169303855810995,2.494440726179249,2.430310942657701,-1.2973920642747618,-1.1009245148527527,0.0,-1.0,-1.0
10.620000000000001,4.949207298325548,4.592412421659403,2.471168126396578,2.5008699502631124,-1.3499726529535159,-1.0163409055463788,0.0,-1.0,-1.0
10.64,4.9985802322112844,4.565924708465393,2.4496231441769476,2.562383197379258,-1.398817469879719,-0.9000689343001748,0.0,-1.0,-1.0
10.66,5.047953166097022,4.539436995271383,2.428078161957317,2.623896444495403,-1.4476622868059223,-0.7837969630539707,0.0,-1.0,-1.0
10.68,5.097326099982759,4.512949282077373,2.4065331797376865,2.685409691611548,-1.4965071037321256,-0.6675249918077668,0.0,-1.0,-1.0
10.700000000000001,5.1506279471736285,4.483341801026764,2.392414605913958,2.722687888000027,-1.5301501651216243,-0.4963632497837725,0.0,-1.0,-1.0
10.72,5.204489563349865,4.453289833383542,2.3793541040734696,2.7565132136574158,-1.561627367757876,-0.3173811287111025,0.0,-1.0,-1.0
10.74,5.258351179526102,4.423237865740319,2.3662936022329806,2.7903385393148046,-1.593104570394128,-0.1383990076384326,0.0,-1.0,-1.0
10.76,5.312772460398332,4.392665084809957,2.356194490192345,2.8329277138651237,-1.634242232397495,-2.55496433876612e-15,6.0,-1.0,-1.0
10.78,5.369102343937561,4.360316194655698,2.356194490192345,2.9054039002101417,-1.7083245818977089,-1.931061280191125e-15,0.0,-1.0,-1.0
10.8,5.425432227476795,4.327967304501436,2.356194490192345,2.977880086555166,-1.7824069313979292,-1.3071582216160743e-15,0.0,-1.0,-1.0
10.82,5.481762111016025,4.295618414347176,2.356194490192345,3.050356272900184,-1.856489280898143,-6.83255163041079e-16,0.0,-1.0,-1.0
10.84,5.538091994555255,4.263269524192917,2.356194490192345,3.1228324592452017,-1.9305716303983569,-5.935210446608364e-17,0.0,-1.0,-1.0
10.86,5.594421878094484,4.230920634038657,2.356194490192345,3.1953086455902198,-2.0046539798985705,5.645509541089113e-16,0.0,-1.0,-1.0
10.88,5.654828509860708,4.194404649805539,2.356194490192345,3.2454183082590964,-2.0914910930935475,7.922047527843426e-16,0.0,-1.0,-1.0
10.9,5.719473533798743,4.153556345316264,2.356194490192345,3.2722746097730737,-2.1915886991095723,6.078979231019375e-16,0.0,-1.0,-1.0
10.92,5.784118557736778,4.112708040826988,2.356194490192345,3.299130911287051,-2.2916863051255967,4.235910934195324e-16,0.0,-1.0,-1.0
10.94,5.848763581674813,4.0718597363377125,2.356194490192345,3.3259872128010284,-2.391783911141621,2.392842637371273e-16,0.0,-1.0,-1.0
10.96,5.913408605612854,4.031011431848433,2.356194490192345,3.352843514315008,-2.4918815171576547,5.497743405470593e-17,0.0,-1.0,-1.0
10.98,5.978053629550889,3.990163127359158,2.356194490192345,3.3796998158289853,-2.591979123173679,-1.2932939562769917e-16,0.0,-1.0,-1.0
11.0,6.045021315420555,3.9406579011854204,2.356194490192345,3.3472221479325834,-2.6392681892379994,-8.557144403200625e-17,0.0,-1.0,-1.0
11.02,6.1127475433918494,3.888325470811738,2.356194490192345,3.295367009194842,-2.6693108793518032,3.2668607667032595e-17,0.0,-1.0,-1.0
11.040000000000001,6.180473771363149,3.8359930404380513,2.356194490192345,3.2435118704570964,-2.6993535694656092,1.5090865936608194e-16,0.0,-1.0,-1.0
11.06,6.248199999334443,3.783660610064369,2.356194490192345,3.191656731719355,-2.729396259579413,2.6914871106512076e-16,0.0,-1.0,-1.0
11.08,6.315926227305737,3.731328179690687,2.356194490192345,3.139801592981614,-2.759438949693217,3.8738876276415963e-16,0.0,-1.0,-1.0
11.1,6.383549219846898,3.6789359390433902,2.356194490192345,3.0875114623435382,-2.787755124239849,5.033280494776446e-16,0.0,-1.0,-1.0
11.120000000000001,6.4453261452852155,3.623156732578806,2.356194490192345,3.0105883947836523,-2.7183013195570735,4.889784762894218e-16,0.0,-1.0,-1.0
11.14,6.507103070723527,3.5673775261142264,2.356194490192345,2.933665327223773,-2.648847514874305,4.746289031012003e-16,0.0,-1.0,-1.0
11.16,6.56887999616184,3.5115983196496474,2.356194490192345,2.8567422596638936,-2.579393710191536,4.602793299129789e-16,0.0,-1.0,-1.0
11.18,6.630656921600152,3.455819113185068,2.356194490192345,2.7798191921040147,-2.5099399055087668,4.459297567247573e-16,0.0,-1.0,-1.0
11.200000000000001,6.692433847038469,3.4000399067204836,2.356194490192345,2.7028961245441288,-2.440486100825992,4.315801835365345e-16,0.0,-1.0,-1.0
11.22,6.751731837446632,3.346498929630611,2.356194490192345,2.625973159637007,-2.37103215357626,4.40366167805852e-16,0.0,-1.0,-1.0
11.24,6.804683435023144,3.2986881079044235,2.356194490192345,2.5490504575341606,-2.30157784133675,5.083821577909786e-16,0.0,-1.0,-1.0
11.26,6.857635032599656,3.2508772861782362,2.356194490192345,2.4721277554313144,-2.2321235290972394,5.763981477761054e-16,0.0,-1.0,-1.0
11.28,6.910586630176167,3.2030664644520486,2.356194490192345,2.3952050533284686,-2.1626692168577293,6.444141377612321e-16,0.0,-1.0,-1.0
11.3,6.963538227752683,3.155255642725857,2.356194490192345,2.318282351225615,-2.093214904618213,7.124301277463647e-16,0.0,-1.0,-1.0
11.32,7.016489825329194,3.1074448209996692,2.356194490192345,2.241359649122769,-2.0237605923787023,7.804461177314914e-16,0.0,-1.0,-1.0
11.34,7.064636717408395,3.063972218117937,2.356194490192345,2.1644370133522397,-1.9543061880182606,7.252519405481574e-16,0.0,-1.0,-1.0
11.36,7.108763029051729,3.0241298393617604,2.356194490192345,2.0875144330886326,-1.8848517065709682,5.669554217343932e-16,0.0,-1.0,-1.0
11.38,7.152889340695067,2.98428746060558,2.356194490192345,2.0105918528250184,-1.8153972251236696,4.0865890292061493e-16,0.0,-1.0,-1.0
11.4,7.1970156523384015,2.9444450818494032,2.356194490192345,1.9336692725614115,-1.7459427436763773,2.5036238410685075e-16,0.0,-1.0,-1.0
11.42,7.241141963981735,2.9046027030932264,2.356194490192345,1.8567466922978042,-1.6764882622290849,9.206586529308647e-17,0.0,-1.0,-1.0
11.44,7.28526827562507,2.8647603243370496,2.356194490192345,1.779824112034197,-1.6070337807817925,-6.623065352067771e-17,0.0,-1.0,-1.0
11.46,7.322264110820763,2.8313561532234885,2.356194490192345,1.7029015809943182,-1.5375792309744947,1.55368048031968e-16,0.0,-1.0,-1.0
11.48,7.357565150509449,2.7994822368504093,2.356194490192345,1.625979061654108,-1.4681246649191697,4.672615170292765e-16,0.0,-1.0,-1.0
11.5,7.392866190198133,2.76760832047733,2.356194490192345,1.549056542313898,-1.3986700988638445,7.791549860265848e-16,0.0,-1.0,-1.0
11.52,7.428167229886819,2.7357344041042513,2.356194490192345,1.472134022973688,-1.3292155328085196,1.0910484550238931e-15,0.0,-1.0,-1.0
11.540000000000001,7.4634682695755075,2.703860487731169,2.356194490192345,1.3952115036334711,-1.2597609667531882,1.4029419240212292e-15,0.0,-1.0,-1.0
11.56,7.49813832671035,2.6725562955408324,2.356194490192345,1.318288986906862,-1.1903063970682215,1.6528850080547426e-15,0.0,-1.0,-1.0
11.58,7.524614101434084,2.6486508512578695,2.356194490192345,1.2413665041218962,-1.1208517802467555,1.0983067201756814e-15,0.0,-1.0,-1.0
11.6,7.5510898761578185,2.624745406974907,2.356194490192345,1.1644440213369305,-1.0513971634252892,5.4372843229662e-16,0.0,-1.0,-1.0
11.620000000000001,7.577565650881555,2.600839962691942,2.356194490192345,1.0875215385519577,-0.981942546603817,-1.0849855582490549e-17,0.0,-1.0,-1.0
11.64,7.604041425605288,2.576934518408979,2.356194490192345,1.010599055766992,-0.9124879297823509,-5.654281434615516e-16,0.0,-1.0,-1.0
11.66,7.630517200329023,2.553029074126016,2.356194490192345,0.9336765729820262,-0.8430333129608847,-1.120006431340613e-15,0.0,-1.0,-1.0
11.68,7.654036217185477,2.5317933367644985,2.356194490192345,0.8567540983620487,-0.7735786848003293,-1.3549670895881008e-15,0.0,-1.0,-1.0
11.700000000000001,7.671686731138219,2.515856370396013,2.356194490192345,0.7798316399477396,-0.7041240341342123,-9.55558255383046e-16,0.0,-1.0,-1.0
11.72,7.689337245090958,2.499919404027529,2.356194490192345,0.7029091815334374,-0.6346693834681014,-5.561494211780266e-16,0.0,-1.0,-1.0
11.74,7.706987759043698,2.483982437659045,2.356194490192345,0.6259867231191352,-0.5652147328019905,-1.5674058697300734e-16,0.0,-1.0,-1.0
11.76,7.724638272996438,2.4680454712905613,2.356194490192345,0.5490642647048329,-0.49576008213587963,2.426682472320119e-16,0.0,-1.0,-1.0
11.78,7.742288786949177,2.4521085049220774,2.356194490192345,0.4721418062905307,-0.42630543146976874,6.420770814370311e-16,0.0,-1.0,-1.0
11.8,7.754656769094961,2.440941230121544,2.356194490192345,0.3952193582960415,-0.35685076633322177,7.19145784349361e-16,0.0,-1.0,-1.0
11.82,7.763482025072735,2.4329727455505115,2.356194490192345,0.31829691728960374,-0.28739609149209755,5.800373093739639e-16,0.0,-1.0,-1.0
11.84,7.772307281050509,2.4250042609794784,2.356194490192345,0.24137447628316608,-0.21794141665097333,4.409288343985669e-16,0.0,-1.0,-1.0
11.86,7.781132537028283,2.417035776408446,2.356194490192345,0.16445203527672836,-0.14848674180984908,3.018203594231699e-16,0.0,-1.0,-1.0
11.88,7.7899577930060575,2.4090672918374123,2.356194490192345,0.08752959427028384,-0.07903206696871867,1.6271188444776048e-16,0.0,-1.0,-1.0
11.9,7.7987830489838315,2.4010988072663797,2.356194490192345,0.010607153263846092,-0.009577392127594453,2.3603409472363487e-17,0.0,-1.0,-1.0
11.92,7.8,2.4,2.356194490192345,-0.06684318649350532,0.05475195365763506,0.034477886835724066,0.0,-1.0,-1.0
11.94,7.8,2.4,2.356194490192345,-0.14437796383907125,0.11826150128358429,0.0744705236232181,0.0,-1.0,-1.0
11.96,7.8,2.4,2.356194490192345,-0.22191274118464407,0.18177104890953916,0.11446316041071568,0.0,-1.0,-1.0
11.98,7.8,2.4,2.356194490192345,-0.29944751853021,0.2452805965354884,0.1544557971982097,0.0,-1.0,-1.0
12.0,7.8,2.4,2.356194490192345,-0.376982295875776,0.3087901441614377,0.19444843398570374,0.0,-1.0,-1.0
12.02,7.79998173792572,2.400014958656179,2.3562039098170433,-0.45451743685663215,0.3722998958853663,0.2344385436558468,0.0,-1.0,-1.0
12.040000000000001,7.790894512805049,2.4074583998621404,2.3608911238144143,-0.5322331594603147,0.43591100285542594,0.27317368450268864,0.0,-1.0,-1.0
12.06,7.781807287684378,2.414901841068101,2.3655783378117854,-0.6099488820639903,0.49952210982547995,0.3119088253495271,0.0,-1.0,-1.0
12.08,7.772720062563708,2.422345282274062,2.3702655518091564,-0.687664604667666,0.5631332167955339,0.3506439661963655,0.0,-1.0,-1.0
12.1,7.763632837443037,2.429788723480023,2.374952765806527,-0.7653803272713416,0.6267443237655879,0.38937910704320394,0.0,-1.0,-1.0
12.120000000000001,7.7545456123223655,2.4372321646859842,2.3796399798038985,-0.8430960498750242,0.6903554307356475,0.4281142478900458,0.0,-1.0,-1.0
12.14,7.744165778452649,2.445733619259785,2.3849714570246783,-0.9208494972348208,0.7539820235777396,0.4666037209427384,0.0,-1.0,-1.0
12.16,7.725970121078828,2.4606324046222863,2.394198504075123,-0.9988310492208576,0.8177022525202732,0.5036077513809488,0.0,-1.0,-1.0
12.18,7.7077744637050065,2.475531189984788,2.4034255511255673,-1.0768126012068946,0.8814224814628067,0.5406117818191594,0.0,-1.0,-1.0
12.200000000000001,7.689578806331184,2.4904299753472907,2.4126525981760127,-1.1547941531929384,0.9451427104053458,0.5776158122573731,0.0,-1.0,-1.0
12.22,7.671383148957363,2.5053287607097925,2.4218796452264573,-1.2327757051789754,1.0088629393478794,0.6146198426955836,0.0,-1.0,-1.0
12.24,7.653187491583543,2.520227546072294,2.431106692276902,-1.3107572571650123,1.072583168290413,0.651623873133794,0.0,-1.0,-1.0
12.26,7.632416141188479,2.537230979839699,2.441555964591273,-1.3888515167030373,1.1363519104937208,0.6878373159118775,0.0,-1.0,-1.0
12.280000000000001,7.605080895846303,2.5595978986639234,2.4551199552233776,-1.467233000116312,1.2002442838691645,0.7220360254493349,0.0,-1.0,-1.0
12.3,7.57774565050413,2.5819648174881458,2.4686839458554806,-1.5456144835295795,1.2641366572446024,0.7562347349867892,0.0,-1.0,-1.0
12.32,7.550410405161957,2.604331736312368,2.4822479364875836,-1.6239959669428472,1.3280290306200406,0.7904334445242436,0.0,-1.0,-1.0
12.34,7.523075159819784,2.6266986551365905,2.4958119271196866,-1.7023774503561149,1.3919214039954788,0.824632154061698,0.0,-1.0,-1.0
12.36,7.4957399144776105,2.6490655739608133,2.5093759177517896,-1.7807589337693823,1.455813777370917,0.8588308635991523,0.0,-1.0,-1.0
12.38,7.4645305460417335,2.674590469751358,2.5246302312079116,-1.8594062490652363,1.5198487109734675,0.890797587368663,0.0,-1.0,-1.0
12.4,7.428008839998268,2.70444569769613,2.542202376413261,-1.9384180826463746,1.5840791283119418,0.9197037315830316,0.0,-1.0,-1.0
12.42,7.391487133954803,2.734300925640902,2.5597745216186105,-2.017429916227513,1.648309545650416,0.9486098757974003,0.0,-1.0,-1.0
12.44,7.3549654279113374,2.764156153585674,2.57734666682396,-2.096441749808651,1.7125399629888902,0.977516020011769,0.0,-1.0,-1.0
12.46,7.318443721867869,2.7940113815304484,2.594918812029311,-2.1754535833897966,1.7767703803273702,1.0064221642261402,0.0,-1.0,-1.0
12.48,7.281922015824404,2.8238666094752203,2.6124909572346606,-2.254465416970935,1.8410007976658445,1.035328308440509,0.0,-1.0,-1.0
12.5,7.240199474302097,2.8579497083372227,2.631965806042404,-2.334085835449854,1.9055817186407626,1.0570935188831196,0.0,-1.0,-1.0
12.52,7.194417429304555,2.895332864805578,2.6529258069795865,-2.414181283857632,1.9704362246456277,1.07328488535762,0.0,-1.0,-1.0
12.540000000000001,7.148635384307009,2.9327160212739374,2.673885807916771,-2.494276732265417,2.0352907306504986,1.0894762518321217,0.0,-1.0,-1.0
12.56,7.102853339309467,2.970099177742293,2.6948458088539535,-2.574372180673195,2.1001452366553637,1.105667618306622,0.0,-1.0,-1.0
12.58,7.057071294311925,3.007482334210649,2.715805809791136,-2.654467629080973,2.1649997426602288,1.1218589847811224,0.0,-1.0,-1.0
12.6,7.011289249314383,3.0448654906790042,2.7367658107283184,-2.7345630774887506,2.229854248665094,1.1380503512556226,0.0,-1.0,-1.0
12.620000000000001,6.95892171711656,3.0875810165599287,2.7590570737882882,-2.8074397975824965,2.2823610453717573,1.0731751318462797,0.0,-1.0,-1.0
12.64,6.903752331421842,3.1325652459446274,2.7819147340365857,-2.8772452461734983,2.3296144004690507,0.9738094198989277,0.0,-1.0,-1.0
12.66,6.848582945727125,3.177549475329326,2.8047723942848832,-2.9470506947645,2.376867755566344,0.8744437079515757,0.0,-1.0,-1.0
12.68,6.793413560032407,3.222533704714025,2.8276300545331807,-3.0168561433555015,2.4241211106636373,0.7750779960042237,0.0,-1.0,-1.0
12.700000000000001,6.738244174337685,3.2675179340987275,2.85048771478148,-3.0866615919465095,2.4713744657609347,0.6757122840568629,0.0,-1.0,-1.0
12.72,6.6830747886429664,3.312502163483426,2.8733453750297775,-3.156467040537511,2.518627820858228,0.5763465721095109,0.0,-1.0,-1.0
12.74,6.621021365239896,3.362146399857578,2.886403838771642,-3.188565795344739,2.5521823718436956,0.4800972645159517,0.0,-1.0,-1.0
12.76,6.557670646629645,3.412668813398817,2.89761564635028,-3.2135587330143083,2.5831553865751107,0.38443524255374595,0.0,-1.0,-1.0
12.780000000000001,6.494319928019388,3.4631912269400598,2.908827453928919,-3.23855167068388,2.614128401306529,0.28877322059153165,0.0,-1.0,-1.0
12.8,6.430969209409137,3.5137136404812988,2.920039261507557,-3.2635446083534494,2.645101416037944,0.1931111986293259,0.0,-1.0,-1.0
12.82,6.367618490798886,3.5642360540225377,2.931251069086195,-3.2885375460230186,2.6760744307693596,0.09744917666712016,0.0,-1.0,-1.0
12.84,6.304267772188635,3.6147584675637767,2.942462876664833,-3.313530483692588,2.7070474455007747,0.0017871547049144176,0.0,-1.0,-1.0
12.86,6.23804250395733,3.668843226153675,2.9426721669477622,-3.351534628159679,2.635642506757521,0.02996748220857158,0.0,-1.0,-1.0
12.88,6.171762564953254,3.722995736629035,2.9426722014507556,-3.389786231472158,2.56229045192012,0.06050315501458535,0.0,-1.0,-1.0
12.9,6.105482625949184,3.7771482471043902,2.942672235953749,-3.428037834784633,2.488938397082726,0.09103882782059641,0.0,-1.0,-1.0
12.92,6.0392026869451145,3.8313007575797453,2.9426722704567427,-3.4662894380971085,2.4155863422453314,0.12157450062660748,0.0,-1.0,-1.0
12.94,5.972922747941044,3.885453268055101,2.942672304959736,-3.504541041409584,2.342234287407937,0.15211017343261854,0.0,-1.0,-1.0
12.96,5.9060992711418425,3.9385634793664606,2.9431062374129437,-3.5291601314577616,2.2690267952748897,0.17797090118155884,0.0,-1.0,-1.0
12.98,5.835336170614304,3.984118987848768,2.9466851115347414,-3.454969215624725,2.196867110056866,0.16994709570994823,0.0,-1.0,-1.0
13.0,5.764573070086765,4.029674496331076,2.950263985656539,-3.380778299791688,2.1247074248388422,0.1619232902383376,0.0,-1.0,-1.0
13.02,5.693809969559227,4.075230004813383,2.953842859778337,-3.3065873839586515,2.052547739620818,0.15389948476672696,0.0,-1.0,-1.0
13.040000000000001,5.623046869031682,4.1207855132956945,2.957421733900135,-3.2323964681256085,1.9803880544027876,0.14587567929511563,0.0,-1.0,-1.0
13.06,5.552283768504143,4.166341021778002,2.9610006080219327,-3.158205552292572,1.908228369184764,0.137851873823505,0.0,-1.0,-1.0
13.08,5.483791394800601,4.209687972366178,2.9643339012648533,-3.0804486760393677,1.8405724291133998,0.13079768109147663,4.0,-1.0,-1.0
13.1,5.421723612389196,4.246786226869531,2.9669723699435537,-2.992602590453978,1.7856589825667748,0.12648682388428242,0.0,-1.0,-1.0
13.120000000000001,5.359655829977786,4.283884481372888,2.9696108386222546,-2.904756504868581,1.730745536020145,0.12217596667708784,0.0,-1.0,-1.0
13.14,5.297588047566381,4.320982735876241,2.972249307300955,-2.8169104192831913,1.67583208947352,0.11786510946989363,0.0,-1.0,-1.0
13.16,5.24021672893088,4.355145184978617,2.974657307147928,-2.729066539325695,1.6209353743611006,0.11303251257716734,0.0,-1.0,-1.0
13.18,5.184292316349805,4.388403158966954,2.9769943032005797,-2.641223338887195,1.5660438139383812,0.10803917595645608,0.0,-1.0,-1.0
13.200000000000001,5.128367903768725,4.421661132955295,2.9793312992532317,-2.5533801384486874,1.5111522535156567,0.10304583933574438,0.0,-1.0,-1.0
13.22,5.074088693055463,4.453891051302628,2.9815747758679074,-2.465480937731486,1.4563636614033932,0.09777350208008524,0.0,-1.0,-1.0
13.24,5.02430744853677,4.48331027534561,2.9835625712322877,-2.377428632787131,1.4018565836685466,0.09173837975299506,0.0,-1.0,-1.0
13.26,4.974526204018077,4.512729499388591,2.9855503665966685,-2.289376327842776,1.3473495059336997,0.08570325742590489,0.0,-1.0,-1.0
13.280000000000001,4.924744959499379,4.542148723431576,2.987538161961049,-2.2013240228984126,1.2928424281988482,0.07966813509881417,0.0,-1.0,-1.0
13.3,4.879712253966415,4.568628456182585,2.9892004915278907,-2.113140894694115,1.2385906248723104,0.0728542905632161,0.0,-1.0,-1.0
13.32,4.836088800885798,4.594235818437255,2.9907662306540277,-2.0249189412847475,1.1844145808660629,0.06580933995786992,0.0,-1.0,-1.0
13.34,4.792465347805181,4.619843180691925,2.9923319697801642,-1.9366969878753806,1.1302385368598153,0.05876438935252374,0.0,-1.0,-1.0
13.36,4.750535319514552,4.644410631083411,2.9937624807285257,-1.8484377146473503,1.0761392054459287,0.05147264117998961,0.0,-1.0,-1.0
13.38,4.713081521955132,4.666229281842782,2.9948355429560096,-1.7600797939209583,1.0222426484719926,0.04352853285472352,0.0,-1.0,-1.0
13.4,4.675627724395716,4.688047932602151,2.995908605183493,-1.671721873194574,0.9683460914980613,0.03558442452945814,0.0,-1.0,-1.0
13.42,4.6381739268363,4.70986658336152,2.9969816674109766,-1.5833639524681897,0.9144495345241299,0.027640316204192755,0.0,-1.0,-1.0
13.44,4.605526342402956,4.728753540646793,2.9976226113021074,-1.4949114035504019,0.8607481659406603,0.019138359032162502,0.0,-1.0,-1.0
13.46,4.574251709012821,4.7468030253714355,2.998140115531883,-1.4064318229819703,0.8071025552058866,0.010477045806616937,0.0,-1.0,-1.0
13.48,4.542977075622689,4.764852510096077,2.9986576197616586,-1.3179522424135466,0.7534569444711176,0.0018157325810721422,0.0,-1.0,-1.0
13.5,4.513442061610885,4.781847254920314,2.999004831724765,-1.2294351297639436,0.6998815580937988,-0.006952601507994592,0.0,-1.0,-1.0
13.52,4.488355100468662,4.7961451231179195,2.998916621425472,-1.1408220509027247,0.6464857291866727,-0.01599457847838611,0.0,-1.0,-1.0
13.540000000000001,4.463268139326439,4.810442991315525,2.9988284111261794,-1.0522089720414978,0.5930899002795419,-0.025036555448778437,0.0,-1.0,-1.0
13.56,4.438181178184216,4.82474085951313,2.9987402008268864,-0.9635958931802788,0.5396940713724159,-0.03407853241916996,0.0,-1.0,-1.0
13.58,4.417955621108146,4.836109377968005,2.998155938430377,-0.8747929502346297,0.486579729693109,-0.04265607512275858,0.0,-1.0,-1.0
13.6,4.399065668194817,4.846673097715082,2.997435392516398,-0.7859378447330461,0.4335427227730852,-0.051106020874598125,0.0,-1.0,-1.0
13.620000000000001,4.380175715281486,4.857236817462161,2.9967148466024187,-0.6970827392314547,0.3805057158530567,-0.05955596662643842,0.0,-1.0,-1.0
13.64,4.36307418952997,4.866733037224613,2.995824224783255,-0.6079956421775565,0.3277890436815358,-0.06659390399504128,0.0,-1.0,-1.0
13.66,4.350398170575923,4.8735877021397975,2.9945127459727914,-0.5183344763476714,0.2758650476878518,-0.07013779204951572,0.0,-1.0,-1.0
13.68,4.337722151621878,4.8804423670549815,2.993201267162328,-0.4286733105177861,0.2239410516941678,-0.07368168010399014,0.0,-1.0,-1.0
13.700000000000001,4.325046132667831,4.887297031970167,2.9918897883518643,-0.339012144687893,0.1720170557004792,-0.07722556815846487,0.0,-1.0,-1.0
13.72,4.317330817182615,4.891278886291632,2.9903822360506953,-0.24781911093363398,0.12470610143686628,-0.060325509104346975,0.0,-1.0,-1.0
13.74,4.310925102675728,4.894502332942142,2.988822921325736,-0.15622167168627638,0.07861296718622655,-0.03802834996099457,0.0,-1.0,-1.0
13.76,4.304519388168839,4.897725779592653,2.9872636066007767,-0.0646242324389188,0.03251983293558683,-0.01573119081764216,1.0,-1.0,-1.0
