0.0,8.2,7.4,3.367560960421493,8.90297661582688e-19,1.0714122213468006e-19,-1.395994267968391e-18,2.0,-1.0,-1.0
0.02,8.2,7.4,3.367560960421493,-0.08643250834450635,-0.02700087395301546,-0.007222580839042627,0.0,-1.0,-1.0
0.04,8.2,7.4,3.367560960421493,-0.1728650166890127,-0.05400174790603092,-0.014445161678085253,0.0,-1.0,-1.0
0.06,8.2,7.4,3.367560960421493,-0.25929752503351905,-0.08100262185904637,-0.021667742517127875,0.0,-1.0,-1.0
0.08,8.2,7.4,3.367560960421493,-0.3457300333780254,-0.10800349581206184,-0.028890323356170502,0.0,-1.0,-1.0
0.1,8.2,7.4,3.367560960421493,-0.43216254172253177,-0.13500436976507732,-0.036112904195213125,0.0,-1.0,-1.0
0.12,8.2,7.4,3.367560960421493,-0.5185950500670381,-0.16200524371809275,-0.04333548503425575,0.0,-1.0,-1.0
0.14,8.2,7.4,3.367560960421493,-0.6050275584115445,-0.18900611767110825,-0.05055806587329838,0.0,-1.0,-1.0
0.16,8.190492409028558,7.397029899162553,3.3667664752712754,-0.6914772359631234,-0.21600526708934495,-0.05732755456558736,0.0,-1.0,-1.0
0.18,8.177976343938873,7.393119973344742,3.3657205922623428,-0.7779323463436137,-0.24300387081538022,-0.06395367192429852,0.0,-1.0,-1.0
0.2,8.165460278849189,7.389210047526932,3.3646747092534097,-0.8643874567241043,-0.2700024745414155,-0.07057978928300968,0.0,-1.0,-1.0
0.22,8.152944213759504,7.385300121709121,3.363628826244477,-0.9508425671045947,-0.29700107826745076,-0.07720590664172083,0.0,-1.0,-1.0
0.24,8.14042814866982,7.381390195891311,3.362582943235544,-1.037297677485085,-0.32399968199348606,-0.08383202400043199,0.0,-1.0,-1.0
0.26,8.127912083580135,7.3774802700735,3.3615370602266115,-1.1237527878655755,-0.3509982857195213,-0.09045814135914315,0.0,-1.0,-1.0
0.28,8.115396018490449,7.37357034425569,3.3604911772176784,-1.210207898246066,-0.37799688944555665,-0.09708425871785431,0.0,-1.0,-1.0
0.3,8.096379137033395,7.3676303132859,3.3589470567767643,-1.2966810013557533,-0.4049927931363956,-0.10318187388378887,0.0,-1.0,-1.0
0.32,8.071343733912409,7.359810790395899,3.3569416630728166,-1.3831707623164462,-0.43198619710729125,-0.10879019636448069,0.0,-1.0,-1.0
0.34,8.046308330791424,7.3519912675059,3.354936269368869,-1.4696605232771394,-0.4589796010781869,-0.1143985188451725,0.0,-1.0,-1.0
0.36,8.021272927670438,7.3441717446159,3.3529308756649208,-1.5561502842378323,-0.48597300504908253,-0.12000684132586431,0.0,-1.0,-1.0
0.38,7.996237524549453,7.3363522217259,3.350925481960973,-1.6426400451985255,-0.5129664090199781,-0.12561516380655613,0.0,-1.0,-1.0
0.4,7.971202121428467,7.3285326988359,3.3489200882570254,-1.7291298061592184,-0.5399598129908738,-0.13122348628724795,0.0,-1.0,-1.0
0.42,7.946166718307482,7.3207131759459,3.3469146945530777,-1.8156195671199113,-0.5669532169617695,-0.13683180876793977,0.0,-1.0,-1.0
0.44,7.917638360260997,7.3118035038601015,3.344682804470655,-1.9021250697788836,-0.5939421123074141,-0.14184598127483358,0.0,-1.0,-1.0
0.46,7.880078601448972,7.300075136860831,3.3418652842814676,-1.9886712742473334,-0.6209193501302989,-0.14532391680110376,0.0,-1.0,-1.0
0.48,7.842518842636947,7.288346769861561,3.33904776409228,-2.075217478715783,-0.6478965879531835,-0.14880185232737395,0.0,-1.0,-1.0
0.5,7.804959083824922,7.27661840286229,3.3362302439030924,-2.1617636831842324,-0.6748738257760682,-0.15227978785364413,0.0,-1.0,-1.0
0.52,7.767399325012898,7.26489003586302,3.3334127237139053,-2.248309887652682,-0.7018510635989529,-0.1557577233799143,0.0,-1.0,-1.0
0.54,7.729839566200873,7.25316166886375,3.3305952035247177,-2.334856092121132,-0.7288283014218376,-0.15923565890618452,0.0,-1.0,-1.0
0.56,7.692279807388847,7.24143330186448,3.32777768333553,-2.4214022965895814,-0.7558055392447224,-0.1627135944324547,0.0,-1.0,-1.0
0.58,7.654237245699882,7.229554440824335,3.3249407612870905,-2.5079495243673438,-0.7827785899736324,-0.16590931658657662,0.0,-1.0,-1.0
0.6,7.604144957760336,7.213919570693334,3.321619610366153,-2.594522291754911,-0.8096471398004371,-0.16206159711875653,0.0,-1.0,-1.0
0.62,7.5540526698207895,7.198284700562334,3.3182984594452156,-2.681095059142478,-0.836515689627242,-0.15821387765093642,0.0,-1.0,-1.0
0.64,7.503960381881243,7.182649830431333,3.314977308524278,-2.767667826530045,-0.8633842394540469,-0.15436615818311633,0.0,-1.0,-1.0
0.66,7.453868093941696,7.167014960300332,3.3116561576033408,-2.8542405939176123,-0.8902527892808517,-0.15051843871529622,0.0,-1.0,-1.0
0.68,7.40377580600215,7.151380090169331,3.308335006682403,-2.9408133613051795,-0.9171213391076565,-0.14667071924747613,0.0,-1.0,-1.0
0.7000000000000001,7.353683518062604,7.135745220038331,3.305013855761466,-3.0273861286927466,-0.9439898889344613,-0.14282299977965604,0.0,-1.0,-1.0
0.72,7.303591230123057,7.12011034990733,3.3016927048405282,-3.1139588960803133,-0.970858438761266,-0.13897528031183595,0.0,-1.0,-1.0
0.74,7.2434929716332235,7.1013700468970455,3.298816268450991,-3.136420830109912,-0.9782021149192571,-0.1229640904745343,0.0,-1.0,-1.0
0.76,7.18086430805943,7.081844412458276,3.296052295705586,-3.14266980630093,-0.9806081551580802,-0.1038768864608122,0.0,-1.0,-1.0
0.78,7.118235644485637,7.062318778019507,3.2932883229601813,-3.148918782491948,-0.9830141953969033,-0.0847896824470901,0.0,-1.0,-1.0
0.8,7.055606980911843,7.042793143580737,3.2905243502147763,-3.1551677586829654,-0.9854202356357263,-0.06570247843336802,0.0,-1.0,-1.0
0.8200000000000001,6.992978317338049,7.023267509141967,3.287760377469371,-3.1614167348739834,-0.9878262758745494,-0.04661527441964591,0.0,-1.0,-1.0
0.84,6.930349653764257,7.0037418747031985,3.284996404723966,-3.167665711065001,-0.9902323161133724,-0.027528070405923935,0.0,-1.0,-1.0
0.86,6.867720990190462,6.984216240264429,3.282232431978561,-3.1739146872560187,-0.9926383563521954,-0.008440866392201846,0.0,-1.0,-1.0
0.88,6.8045875872828265,6.964496266287434,3.2810101618007943,-3.1766780722190577,-0.9937023411099342,-2.3692785205740446e-07,0.0,-1.0,-1.0
0.9,6.7410540258384435,6.944622219465242,3.281010157062237,-3.1766780722188748,-0.9937023411105192,-2.3692785213628557e-07,0.0,-1.0,-1.0
0.92,6.67752046439406,6.92474817264305,3.28101015232368,-3.176678072218692,-0.9937023411111043,-2.3692785221516665e-07,0.0,-1.0,-1.0
0.9400000000000001,6.6139869029496765,6.904874125820858,3.281010147585123,-3.176678072218509,-0.9937023411116894,-2.3692785229404773e-07,0.0,-1.0,-1.0
0.96,6.550453341505294,6.885000078998666,3.281010142846566,-3.176678072218326,-0.9937023411122744,-2.3692785237292882e-07,0.0,-1.0,-1.0
0.98,6.48691978006091,6.865126032176474,3.281010138108009,-3.1766780722181425,-0.9937023411128595,-2.3692785245180992e-07,0.0,-1.0,-1.0
1.0,6.423386218616527,6.845251985354281,3.2810101333694517,-3.1766780722179595,-0.9937023411134446,-2.36927852530691e-07,0.0,-1.0,-1.0
1.02,6.359852657172152,6.825377938532062,3.281010128630895,-3.176678072217629,-0.9937023411145015,-2.3692785256884732e-07,0.0,-1.0,-1.0
1.04,6.296319095727796,6.805503891709786,3.281010123892338,-3.176678072216981,-0.9937023411165732,-2.3692785251942782e-07,0.0,-1.0,-1.0
1.06,6.2327855342834395,6.7856298448875085,3.281010119153781,-3.176678072216333,-0.9937023411186449,-2.3692785247000832e-07,0.0,-1.0,-1.0
1.08,6.169251972839082,6.765755798065231,3.2810101144152237,-3.176678072215685,-0.9937023411207165,-2.3692785242058884e-07,0.0,-1.0,-1.0
1.1,6.105718411394726,6.745881751242955,3.2810101096766666,-3.176678072215037,-0.9937023411227882,-2.3692785237116934e-07,0.0,-1.0,-1.0
1.12,6.042184849950369,6.726007704420677,3.2810101049381095,-3.176678072214389,-0.99370234112486,-2.3692785232174984e-07,0.0,-1.0,-1.0
1.1400000000000001,5.978651288506012,6.706133657598401,3.2810101001995524,-3.176678072213741,-0.9937023411269317,-2.3692785227233037e-07,0.0,-1.0,-1.0
1.16,5.915117727061664,6.6862596107761005,3.2810100954609958,-3.1766780722083774,-0.9937023411440788,-2.3692785221482633e-07,0.0,-1.0,-1.0
1.18,5.851584165617401,6.666385563953524,3.2810100907224387,-3.1766780721465233,-0.9937023413418145,-2.369278520604782e-07,0.0,-1.0,-1.0
1.2,5.788050604173137,6.646511517130947,3.2810100859838816,-3.1766780720846692,-0.9937023415395501,-2.3692785190613007e-07,0.0,-1.0,-1.0
1.22,5.724517042728875,6.62663747030837,3.2810100812453245,-3.176678072022815,-0.9937023417372857,-2.3692785175178193e-07,0.0,-1.0,-1.0
1.24,5.660983481284612,6.606763423485793,3.2810100765067673,-3.176678071960961,-0.9937023419350213,-2.369278515974338e-07,0.0,-1.0,-1.0
1.26,5.597449919840349,6.586889376663216,3.2810100717682102,-3.176678071899107,-0.993702342132757,-2.3692785144308567e-07,0.0,-1.0,-1.0
1.28,5.533916358396086,6.567015329840639,3.281010067029653,-3.176678071837253,-0.9937023423304926,-2.3692785128873752e-07,0.0,-1.0,-1.0
1.3,5.470382796951823,6.547141283018062,3.2810100622910965,-3.176678071775399,-0.9937023425282282,-2.369278511343894e-07,0.0,-1.0,-1.0
1.32,5.406849235515054,6.527267236171528,3.2810100575525394,-3.17368506871449,-1.0028655265090123,-5.095450670736608e-07,0.0,-1.0,-1.0
1.34,5.343315674079748,6.507393189320317,3.2810100528139823,-3.1701078267524854,-1.0138173784014692,-8.353775931214413e-07,0.0,-1.0,-1.0
1.36,5.279782112644442,6.487519142469107,3.281010048075425,-3.1665305847904808,-1.0247692302939262,-1.161210119169222e-06,0.0,-1.0,-1.0
1.3800000000000001,5.216248551209136,6.467645095617897,3.281010043336868,-3.162953342828476,-1.035721082186383,-1.4870426452170026e-06,0.0,-1.0,-1.0
1.4000000000000001,5.1527149897738305,6.447771048766686,3.281010038598311,-3.1593761008664716,-1.0466729340788399,-1.8128751712647832e-06,0.0,-1.0,-1.0
1.42,5.0891814283385255,6.4278970019154755,3.2810100338597543,-3.1557988589044665,-1.0576247859712966,-2.13870769731256e-06,0.0,-1.0,-1.0
1.44,5.025647866903219,6.408022955064266,3.281010029121197,-3.152221616942462,-1.0685766378637533,-2.4645402233603407e-06,0.0,-1.0,-1.0
1.46,4.962423200600671,6.387203214916319,3.281009996246975,-3.1578978068775325,-1.049068919630075,-4.670461997872294e-06,0.0,-1.0,-1.0
1.48,4.899407650201894,6.365743259085235,3.2810099443254637,-3.169838387438811,-1.008940674039752,-8.149167059224687e-06,0.0,-1.0,-1.0
1.5,4.836392099803117,6.3442833032541515,3.281009892403952,-3.18177896800009,-0.968812428449429,-1.162787212057708e-05,0.0,-1.0,-1.0
1.52,4.773376549404339,6.322823347423068,3.2810098404824406,-3.1937195485613685,-0.9286841828591059,-1.5106577181929476e-05,0.0,-1.0,-1.0
1.54,4.7103609990055615,6.301363391591985,3.281009788560929,-3.205660129122647,-0.8885559372687829,-1.858528224328187e-05,0.0,-1.0,-1.0
1.56,4.647345448606784,6.279903435760901,3.281009736639418,-3.217600709683926,-0.8484276916784599,-2.2063987304634263e-05,0.0,-1.0,-1.0
1.58,4.583739457939661,6.260427749620307,3.2810095127021874,-3.225980810896821,-0.8136332883468168,-0.0037327507672187455,0.0,-1.0,-1.0
1.6,4.51924390493441,6.2439415810989916,3.281009029604609,-3.2289966635924476,-0.7868748972000102,-0.01302874881365199,0.0,-1.0,-1.0
1.62,4.454748351929159,6.227455412577676,3.281008546507031,-3.2320125162880746,-0.7601165060532038,-0.02232474686008523,0.0,-1.0,-1.0
1.6400000000000001,4.390252798923908,6.21096924405636,3.281008063409453,-3.235028368983701,-0.7333581149063972,-0.03162074490651848,0.0,-1.0,-1.0
1.6600000000000001,4.325757245918656,6.194483075535046,3.281007580311875,-3.2380442216793277,-0.7065997237595908,-0.04091674295295172,0.0,-1.0,-1.0
1.68,4.261261692913406,6.17799690701373,3.281007097214297,-3.2410600743749547,-0.6798413326127846,-0.05021274099938486,0.0,-1.0,-1.0
1.7,4.196690787601428,6.162179307782566,3.2807743498233553,-3.2436636961989174,-0.6586962344818453,-0.056906314524201425,0.0,-1.0,-1.0
1.72,4.131821427826044,6.1490097693395525,3.279621652957014,-3.244634559200421,-0.6597841963294369,-0.05329223792009212,0.0,-1.0,-1.0
1.74,4.066952068050661,6.13584023089654,3.2784689560906726,-3.2456054222019253,-0.6608721581770285,-0.04967816131598282,0.0,-1.0,-1.0
1.76,4.002082708275276,6.122670692453527,3.2773162592243312,-3.246576285203429,-0.66196012002462,-0.04606408471187352,0.0,-1.0,-1.0
1.78,3.937213348499893,6.1095011540105135,3.2761635623579894,-3.2475471482049327,-0.6630480818722115,-0.04245000810776421,0.0,-1.0,-1.0
1.8,3.8723439887245092,6.096331615567501,3.275010865491648,-3.2485180112064365,-0.6641360437198032,-0.038835931503654914,0.0,-1.0,-1.0
1.82,3.8074741215670542,6.083161508545467,3.2738600573754915,-3.249448127333338,-0.6651695575903702,-0.03537617384423207,0.0,-1.0,-1.0
1.84,3.7424844259545433,6.069857120180947,3.2731553155068163,-3.2407550515762003,-0.6533440893740866,-0.06836193085459266,0.0,-1.0,-1.0
1.86,3.677494730342033,6.056552731816428,3.2724505736381406,-3.2320619758190623,-0.6415186211578031,-0.10134768786495324,0.0,-1.0,-1.0
1.8800000000000001,3.612505034729522,6.043248343451908,3.2717458317694654,-3.2233689000619243,-0.6296931529415195,-0.13433344487531385,0.0,-1.0,-1.0
1.9000000000000001,3.5475153391170116,6.029943955087389,3.27104108990079,-3.2146758243047864,-0.617867684725236,-0.16731920188567442,0.0,-1.0,-1.0
1.92,3.4825256435045016,6.016639566722869,3.2703363480321146,-3.2059827485476484,-0.6060422165089525,-0.20030495889603467,0.0,-1.0,-1.0
1.94,3.4175359478919907,6.00333517835835,3.269631606163439,-3.19728967279051,-0.594216748292669,-0.23329071590639525,0.0,-1.0,-1.0
1.96,3.3534156215950897,5.991213420795669,3.2656280543266325,-3.133795373649201,-0.6270582539188994,-0.23655252216128803,0.0,-1.0,-1.0
1.98,3.2895034091676814,5.979374767165842,3.2608348172607027,-3.0571824902116065,-0.6705923577286628,-0.23269886402461645,0.0,-1.0,-1.0
2.0,3.225591196740273,5.967536113536015,3.256041580194773,-2.9805696067740115,-0.7141264615384262,-0.2288452058879449,0.0,-1.0,-1.0
2.02,3.1616789843128648,5.9556974599061885,3.2512483431288435,-2.903956723336417,-0.7576605653481897,-0.22499154775127334,0.0,-1.0,-1.0
2.04,3.0977667718854565,5.943858806276362,3.2464551060629137,-2.8273438398988224,-0.8011946691579531,-0.22113788961460176,0.0,-1.0,-1.0
2.06,3.033854559458048,5.932020152646535,3.241661868996984,-2.750730956461228,-0.8447287729677166,-0.21728423147793022,0.0,-1.0,-1.0
2.08,2.9757300140393856,5.916892745419837,3.237159753854331,-2.6662913944742295,-0.8526596731952472,-0.21600565684027492,0.0,-1.0,-1.0
2.1,2.9213137609231534,5.899658157591794,3.232844167270686,-2.576837098264531,-0.8377787762709473,-0.2163769978427363,0.0,-1.0,-1.0
2.12,2.866897507806921,5.882423569763752,3.2285285806870405,-2.4873828020548325,-0.8228978793466475,-0.2167483388451977,0.0,-1.0,-1.0
2.14,2.812481254690689,5.86518898193571,3.2242129941033952,-2.397928505845134,-0.8080169824223475,-0.2171196798476591,0.0,-1.0,-1.0
2.16,2.7580650015744563,5.847954394107668,3.21989740751975,-2.3084742096354356,-0.7931360854980478,-0.21749102085012048,0.0,-1.0,-1.0
2.18,2.703648748458224,5.830719806279626,3.2155818209361047,-2.219019913425737,-0.7782551885737479,-0.21786236185258187,0.0,-1.0,-1.0
2.2,2.653801955614174,5.8142453570939265,3.2112472656943662,-2.1302802225459585,-0.7600630311234579,-0.2169276235893891,0.0,-1.0,-1.0
2.22,2.610473320128726,5.798855216117515,3.2068856523996043,-2.042559888376221,-0.7371474893174428,-0.21412981405098078,0.0,-1.0,-1.0
2.24,2.5671446846432784,5.783465075141104,3.2025240391048424,-1.954839554206483,-0.7142319475114278,-0.21133200451257245,0.0,-1.0,-1.0
2.2600000000000002,2.5238160491578308,5.768074934164693,3.1981624258100805,-1.8671192200367452,-0.6913164057054129,-0.20853419497416412,0.0,-1.0,-1.0
2.2800000000000002,2.4804874136723827,5.752684793188281,3.1938008125153186,-1.7793988858670073,-0.6684008638993978,-0.20573638543575581,0.0,-1.0,-1.0
2.3000000000000003,2.437158778186935,5.73729465221187,3.189439199220557,-1.6916785516972697,-0.6454853220933828,-0.20293857589734748,0.0,-1.0,-1.0
2.32,2.3961651448050527,5.722514493388595,3.185152060005469,-1.6041098322411018,-0.6221078349372857,-0.19919774838505108,0.0,-1.0,-1.0
2.34,2.3637092070538395,5.70996467172676,3.1811372276219925,-1.5170954764300866,-0.5970412920021858,-0.19200887240075712,0.0,-1.0,-1.0
2.36,2.3312532693026258,5.697414850064925,3.1771223952385164,-1.4300811206190716,-0.5719747490670858,-0.18481999641646318,0.0,-1.0,-1.0
2.38,2.2987973315514125,5.68486502840309,3.1731075628550403,-1.3430667648080563,-0.5469082061319859,-0.17763112043216925,0.0,-1.0,-1.0
2.4,2.2663413938001993,5.6723152067412554,3.1690927304715637,-1.256052408997041,-0.521841663196886,-0.17044224444787529,0.0,-1.0,-1.0
2.42,2.2338854560489856,5.65976538507942,3.1650778980880876,-1.1690380531860258,-0.49677512026178594,-0.16325336846358135,0.0,-1.0,-1.0
2.44,2.2016171135998035,5.647269604680643,3.1610785642892854,-1.0820289241293175,-0.47170057381729996,-0.1560031239917204,0.0,-1.0,-1.0
2.46,2.179946369478141,5.637826713095174,3.1579547736050495,-0.9953150638885166,-0.44617389463406515,-0.14528606252519052,0.0,-1.0,-1.0
2.48,2.1582756253564783,5.628383821509703,3.1548309829208137,-0.9086012036477159,-0.42064721545083034,-0.13456900105866068,0.0,-1.0,-1.0
2.5,2.136604881234816,5.618940929924233,3.1517071922365782,-0.8218873434069152,-0.3951205362675955,-0.12385193959213084,0.0,-1.0,-1.0
2.52,2.114934137113153,5.609498038338764,3.1485834015523424,-0.7351734831661143,-0.3695938570843607,-0.11313487812560097,0.0,-1.0,-1.0
2.54,2.0932633929914903,5.600055146753293,3.1454596108681065,-0.6484596229253137,-0.34406717790112595,-0.10241781665907113,0.0,-1.0,-1.0
2.56,2.071592648869828,5.590612255167823,3.1423358201838707,-0.5617457626845129,-0.31854049871789114,-0.09170075519254127,0.0,-1.0,-1.0
2.58,2.058735536619687,5.583763905591876,3.1403013159671076,-0.477801912936921,-0.29423805350220494,-0.12261896167871375,0.0,-1.0,-1.0
2.6,2.047812740515845,5.577484976724036,3.138505876012693,-0.3944659937338013,-0.27020428929847806,-0.16267480543297075,0.0,-1.0,-1.0
2.62,2.036889944412003,5.571206047856196,3.136710436058278,-0.3111300745306816,-0.24617052509475115,-0.20273064918722777,0.0,-1.0,-1.0
2.64,2.0259671483081614,5.564927118988356,3.134914996103863,-0.22779415532756186,-0.22213676089102427,-0.24278649294148477,0.0,-1.0,-1.0
2.66,2.0150443522043195,5.558648190120516,3.1331195561494485,-0.14445823612444214,-0.19810299668729736,-0.28284233669574177,0.0,-1.0,-1.0
2.68,2.0041215561004777,5.552369261252676,3.131324116195034,-0.06112231692132247,-0.17406923248357048,-0.3228981804499988,0.0,-1.0,-1.0
2.7,1.9996304268546041,5.547945200803657,3.126437262055691,-0.0036325478833930808,-0.21163136794676293,-0.3651372212284756,1.0,-1.0,-1.0
2.72,1.999036892129963,5.544645191886917,3.11967700880285,0.03819443645137888,-0.28652066079758015,-0.4086992808989876,0.0,-1.0,-1.0
2.74,1.998443357405322,5.541345182970177,3.112916755550009,0.08002142078615083,-0.36140995364839734,-0.4522613405694996,0.0,-1.0,-1.0
2.7600000000000002,1.997849822680681,5.538045174053437,3.106156502297168,0.12184840512092278,-0.4362992464992146,-0.49582340024001165,0.0,-1.0,-1.0
2.7800000000000002,1.9972562879560396,5.534745165136697,3.099396249044327,0.16367538945569476,-0.5111885393500317,-0.5393854599105237,0.0,-1.0,-1.0
2.8000000000000003,1.9981128084120257,5.528848899071627,3.0911257891316275,0.20047526364723048,-0.5887017782560585,-0.5812092830742333,0.0,-1.0,-1.0
2.82,2.0019490187507616,5.517617635234573,3.0797520352440757,0.22694502803784322,-0.6716069123244521,-0.6194612382136455,0.0,-1.0,-1.0
2.84,2.005785229089498,5.506386371397518,3.0683782813565235,0.2534147924284566,-0.7545120463928476,-0.6577131933530588,0.0,-1.0,-1.0
2.86,2.0096214394282343,5.495155107560463,3.0570045274689712,0.27988455681907,-0.8374171804612431,-0.6959651484924719,0.0,-1.0,-1.0
2.88,2.0134576497669707,5.483923843723408,3.045630773581419,0.3063543212096833,-0.9203223145296385,-0.7342171036318851,0.0,-1.0,-1.0
2.9,2.0173836374267333,5.472411391103326,3.0341272807960897,0.33290593760599085,-1.003242213942093,-0.7722305968559569,0.0,-1.0,-1.0
2.92,2.0240231650498166,5.4523999435114465,3.0187024002940177,0.3619315495057239,-1.0866083992396445,-0.8030365244096515,0.0,-1.0,-1.0
2.94,2.0306626926729,5.432388495919567,3.0032775197919452,0.390957161405457,-1.169974584537196,-0.8338424519633462,0.0,-1.0,-1.0
2.96,2.0373022202959827,5.412377048327688,2.9878526392898728,0.4199827733051901,-1.2533407698347476,-0.8646483795170409,0.0,-1.0,-1.0
2.98,2.043941747919066,5.3923656007358085,2.9724277587878007,0.4490083852049232,-1.336706955132299,-0.8954543070707356,0.0,-1.0,-1.0
3.0,2.0505812755421493,5.372354153143929,2.9570028782857283,0.47803399710465627,-1.4200731404298506,-0.9262602346244302,0.0,-1.0,-1.0
3.02,2.0594854349540475,5.3458383219755605,2.9391744624830634,0.5081329618245973,-1.5047445245198303,-0.9417284377148519,0.0,-1.0,-1.0
3.04,2.0691989604535967,5.316997862355941,2.9204870372942455,0.5386155365322866,-1.5898823789850174,-0.951715028251909,0.0,-1.0,-1.0
3.06,2.078912485953146,5.288157402736321,2.9017996121054273,0.5690981112399758,-1.6750202334502047,-0.9617016187889662,0.0,-1.0,-1.0
3.08,2.0886260114526953,5.259316943116701,2.883112186916609,0.599580685947665,-1.7601580879153917,-0.9716882093260233,0.0,-1.0,-1.0
3.1,2.098339536952245,5.230476483497081,2.864424761727791,0.6300632606553542,-1.8452959423805788,-0.9816747998630805,0.0,-1.0,-1.0
3.12,2.1094779887861472,5.197656203536111,2.8452705073428515,0.6507856421218031,-1.9216306585376943,-0.9528510064272893,0.0,-1.0,-1.0
3.14,2.1224198138386705,5.159799100796667,2.825525438366547,0.6591556158353157,-1.986824206564313,-0.874909160097319,0.0,-1.0,-1.0
3.16,2.135361638891194,5.121941998057223,2.805780369390243,0.6675255895488281,-2.0520177545909317,-0.7969673137673488,0.0,-1.0,-1.0
3.18,2.148303463943717,5.084084895317779,2.786035300413938,0.6758955632623407,-2.1172113026175503,-0.7190254674373784,0.0,-1.0,-1.0
3.2,2.1612452889962404,5.046227792578335,2.7662902314376336,0.6842655369758531,-2.182404850644169,-0.6410836211074082,0.0,-1.0,-1.0
3.22,2.174316592194051,5.007362187306717,2.7477508730226647,0.6881881902237078,-2.22588954917635,-0.5685781364992637,0.0,-1.0,-1.0
3.24,2.188144850976442,4.962600671013989,2.736260343896722,0.6661109030536084,-2.142459896076755,-0.5278547287505184,0.0,-1.0,-1.0
3.2600000000000002,2.2019731097588333,4.917839154721262,2.724769814770779,0.644033615883509,-2.0590302429771605,-0.48713132100177314,0.0,-1.0,-1.0
3.2800000000000002,2.2158013685412246,4.873077638428534,2.7132792856448367,0.6219563287134097,-1.9756005898775655,-0.44640791325302787,0.0,-1.0,-1.0
3.3000000000000003,2.2296296273236154,4.828316122135806,2.701788756518894,0.5998790415433104,-1.8921709367779707,-0.40568450550428253,0.0,-1.0,-1.0
3.3200000000000003,2.2434578861060066,4.783554605843079,2.6902982273929514,0.577801754373211,-1.8087412836783758,-0.3649610977555372,0.0,-1.0,-1.0
3.34,2.2552969920733363,4.746310060636759,2.682476857459384,0.5520961543159746,-1.724885372814155,-0.33147701505127947,0.0,-1.0,-1.0
3.36,2.2667871249924962,4.7103842780177905,2.6752991975806144,0.5257540101992004,-1.640954680128093,-0.29926298526017053,0.0,-1.0,-1.0
3.38,2.278277257911656,4.674458495398822,2.6681215377018446,0.4994118660824263,-1.5570239874420306,-0.2670489554690616,0.0,-1.0,-1.0
3.4,2.2897673908308165,4.6385327127798535,2.6609438778230747,0.47306972196565217,-1.4730932947559685,-0.23483492567795267,0.0,-1.0,-1.0
3.42,2.3012575237499764,4.602606930160885,2.653766217944305,0.446727577848878,-1.3891626020699062,-0.20262089588684373,0.0,-1.0,-1.0
3.44,2.31119812559344,4.57161822540263,2.648483492662119,0.4202800426410959,-1.3047812242956802,-0.17332435722341052,0.0,-1.0,-1.0
3.46,2.3198984570311993,4.544581239753042,2.6447175044997957,0.3937481506538647,-1.2200391106924613,-0.14636302690869474,0.0,-1.0,-1.0
3.48,2.328598788468959,4.517544254103455,2.6409515163374726,0.36721625866663354,-1.1352969970892421,-0.11940169659397895,0.0,-1.0,-1.0
3.5,2.337299119906718,4.490507268453867,2.637185528175149,0.34068436667940233,-1.050554883486023,-0.09244036627926316,0.0,-1.0,-1.0
3.52,2.3459994513444773,4.46347028280428,2.633419540012826,0.3141524746921711,-0.9658127698828041,-0.06547903596454738,0.0,-1.0,-1.0
3.54,2.3539689079883415,4.438767690602554,2.6303962563943974,0.2876479813164173,-0.8809310825406154,-0.03946126037598502,0.0,-1.0,-1.0
3.56,2.359859342432058,4.420705436585323,2.6294856454906474,0.2612214251222307,-0.7956523683693454,-0.01612748926960462,0.0,-1.0,-1.0
3.58,2.365749776875774,4.4026431825680925,2.628575034586898,0.23479486892804402,-0.7103736541980754,0.0072062818367757756,0.0,-1.0,-1.0
3.6,2.3716402113194905,4.384580928550862,2.627664423683148,0.20836831273385736,-0.6250949400268055,0.030540052943156162,0.0,-1.0,-1.0
3.62,2.3775306457632066,4.366518674533632,2.626753812779398,0.1819417565396707,-0.5398162258555356,0.053873824049536556,0.0,-1.0,-1.0
3.64,2.3834210802069227,4.348456420516401,2.6258432018756483,0.15551520034548408,-0.45453751168426565,0.07720759515591696,0.0,-1.0,-1.0
3.66,2.386611323649198,4.339107705067311,2.6273167699132873,0.1264199063325767,-0.3692667058285105,0.06381259475385921,0.0,-1.0,-1.0
3.68,2.3897030168328226,4.330077012113368,2.6288773545550175,0.0972272100239927,-0.2839961886066108,0.049077085502559306,0.0,-1.0,-1.0
3.7,2.3927947100164473,4.321046319159426,2.6304379391967476,0.06803451371540874,-0.1987256713847112,0.03434157625125941,0.0,-1.0,-1.0
3.72,2.3958864032000715,4.312015626205483,2.6319985238384778,0.03884181740682477,-0.11345515416281154,0.01960606699995951,0.0,-1.0,-1.0
3.74,2.398978096383696,4.30298493325154,2.6335591084802084,0.009649121098240787,-0.02818463694091189,0.004870557748659618,0.0,-1.0,-1.0
3.7600000000000002,2.4,4.3,2.6340749316858805,-0.05227566725208882,0.029070722770237412,0.015517671951057733,0.0,-1.0,-1.0
3.7800000000000002,2.4,4.3,2.6340749316858805,-0.13036105654212857,0.0724943426641778,0.0386967822114831,0.0,-1.0,-1.0
3.8000000000000003,2.4,4.3,2.6340749316858805,-0.20844644583216831,0.1159179625581182,0.061875892471908465,0.0,-1.0,-1.0
3.8200000000000003,2.4,4.3,2.6340749316858805,-0.2865318351222081,0.1593415824520586,0.08505500273233382,0.0,-1.0,-1.0
3.84,2.4,4.3,2.6340749316858805,-0.36461722441224614,0.202765202345998,0.10823411299275867,0.0,-1.0,-1.0
3.86,2.3985103380484833,4.300828407400427,2.6345171275811547,-0.4382110716003287,0.2512803856484932,0.13105529145168218,0.0,-1.0,-1.0
3.88,2.389927335040737,4.305601452185702,2.637064932937457,-0.49041748926779566,0.32404012707341084,0.15217210178846963,0.0,-1.0,-1.0
3.9,2.381344332032991,4.310374496970975,2.6396127382937595,-0.5426239069352626,0.3967998684983285,0.17328891212525707,0.0,-1.0,-1.0
3.92,2.3727613290252445,4.315147541756249,2.642160543650062,-0.5948303246027297,0.4695596099232462,0.19440572246204452,0.0,-1.0,-1.0
3.94,2.3641783260174978,4.3199205865415236,2.6447083490063643,-0.6470367422701967,0.5423193513481639,0.21552253279883196,0.0,-1.0,-1.0
3.96,2.3555953230097515,4.324693631326798,2.6472561543626667,-0.6992431599376636,0.6150790927730815,0.2366393431356194,0.0,-1.0,-1.0
3.98,2.3431236640958915,4.334886270308737,2.6513768699645537,-0.7466313257363543,0.6900904659071219,0.2634653243832438,0.0,-1.0,-1.0
4.0,2.3288022272538824,4.347656932640276,2.656245796445852,-0.7917275181194714,0.7661729080013414,0.29300707647659757,0.0,-1.0,-1.0
4.0200000000000005,2.314480790411873,4.360427594971815,2.661114722927151,-0.8368237105025895,0.8422553500955625,0.322548828569952,0.0,-1.0,-1.0
4.04,2.300159353569864,4.373198257303353,2.665983649408449,-0.8819199028857057,0.9183377921897804,0.35209058066330506,0.0,-1.0,-1.0
4.0600000000000005,2.2858379167278544,4.385968919634893,2.670852575889748,-0.9270160952688239,0.9944202342840015,0.3816323327566594,0.0,-1.0,-1.0
4.08,2.2706156014532706,4.400259467073316,2.67631165257919,-0.9698399132463595,1.0708015094143046,0.4146243620386386,0.0,-1.0,-1.0
4.1,2.251337273720643,4.421392972124455,2.6844277543563626,-1.0024328514901808,1.1485282163735977,0.4631505263989408,0.0,-1.0,-1.0
4.12,2.232058945988015,4.442526477175594,2.6925438561335358,-1.0350257897340034,1.226254923332894,0.5116766907592452,0.0,-1.0,-1.0
4.14,2.2127806182553877,4.4636599822267335,2.7006599579107085,-1.0676187279778246,1.303981630292187,0.5602028551195474,0.0,-1.0,-1.0
4.16,2.1935022905227592,4.484793487277873,2.7087760596878816,-1.1002116662216475,1.3817083372514833,0.6087290194798517,0.0,-1.0,-1.0
4.18,2.174223962790132,4.5059269923290115,2.7168921614650543,-1.1328046044654687,1.4594350442107764,0.6572551838401539,0.0,-1.0,-1.0
4.2,2.1524885955861297,4.532919974839663,2.728666439143268,-1.1433804572593398,1.5398853169737496,0.7134558620825233,0.0,-1.0,-1.0
4.22,2.129627711763029,4.562597057193539,2.742116448050132,-1.1438707595902433,1.6215831963018408,0.7731720690815123,0.0,-1.0,-1.0
4.24,2.1067668279399276,4.592274139547417,2.7555664569569966,-1.1443610619211466,1.7032810756299352,0.8328882760805039,0.0,-1.0,-1.0
4.26,2.083905944116827,4.621951221901293,2.7690164658638605,-1.1448513642520501,1.7849789549580262,0.8926044830794928,0.0,-1.0,-1.0
4.28,2.0610450602937256,4.651628304255171,2.7824664747707253,-1.1453416665829534,1.8666768342861209,0.9523206900784844,0.0,-1.0,-1.0
4.3,2.0381739407766366,4.683010935287088,2.79716313657412,-1.1322115287990948,1.942467618041229,1.0074754012225637,0.0,-1.0,-1.0
4.32,2.0152591638191204,4.721668098938825,2.8171770416073105,-1.0609872790225439,1.9930633663292803,1.0431743496441093,0.0,-1.0,-1.0
4.34,1.9923443868616049,4.760325262590562,2.8371909466405003,-0.9897630292459959,2.0436591146173293,1.0788732980656532,0.0,-1.0,-1.0
4.36,1.9694296099040882,4.798982426242299,2.857204851673691,-0.9185387794694448,2.0942548629053803,1.114572246487199,0.0,-1.0,-1.0
4.38,1.946514832946573,4.837639589894034,2.877218756706881,-0.847314529692897,2.1448506111934296,1.150271194908743,0.0,-1.0,-1.0
4.4,1.9236000559890563,4.8762967535457715,2.897232661740072,-0.776090279916346,2.1954463594814806,1.1859701433302887,0.0,-1.0,-1.0
4.42,1.9061186288625276,4.918813619493733,2.9199698650316654,-0.6915495857006063,2.207249740983341,1.2016081241488001,0.0,-1.0,-1.0
4.44,1.8910326910209427,4.963032175150862,2.9439077331066157,-0.601137854102782,2.2019501009856484,1.2084014999936692,0.0,-1.0,-1.0
4.46,1.8759467531793586,5.007250730807989,2.967845601181565,-0.5107261225049615,2.196650460987956,1.2151948758385378,0.0,-1.0,-1.0
4.48,1.8608608153377737,5.051469286465118,2.9917834692565153,-0.4203143909071372,2.191350820990263,1.2219882516834069,0.0,-1.0,-1.0
4.5,1.8457748774961895,5.095687842122245,3.015721337331464,-0.32990265930931684,2.1860511809925702,1.2287816275282755,0.0,-1.0,-1.0
4.5200000000000005,1.8326577241198978,5.139790994073298,3.0398071363507055,-0.240524437515893,2.1765097196251513,1.2295397343963046,0.0,-1.0,-1.0
4.54,1.8275096782616305,5.183427023006107,3.0644917198590975,-0.1553295841395808,2.1497985115619906,1.2058687032736153,0.0,-1.0,-1.0
4.5600000000000005,1.822361632403363,5.227063051938918,3.0891763033674904,-0.07013473076326487,2.1230873034988282,1.1821976721509249,0.0,-1.0,-1.0
4.58,1.8172135865450956,5.270699080871728,3.113860886875882,0.015060122613047344,2.0963760954356676,1.1585266410282353,0.0,-1.0,-1.0
4.6000000000000005,1.812065540686828,5.3143351098045395,3.138545470384275,0.10025497598936328,2.069664887372505,1.134855609905545,0.0,-1.0,-1.0
4.62,1.8069174948285607,5.357971138737349,3.1632300538926663,0.18544982936567544,2.0429536793093446,1.1111845787828554,0.0,-1.0,-1.0
4.64,1.8083451782889224,5.399545474187089,3.186087598710492,0.26692885284344026,2.013689359287773,1.0721025628701442,0.0,-1.0,-1.0
4.66,1.8125615947125469,5.440245456040785,3.208170305822164,0.3468320119840621,1.9833422776237541,1.0264848276177498,0.0,-1.0,-1.0
4.68,1.816778011136171,5.480945437894478,3.230253012933835,0.42673517112468046,1.952995195959737,0.9808670923653575,0.0,-1.0,-1.0
4.7,1.8209944275597956,5.521645419748174,3.252335720045507,0.5066383302653024,1.9226481142957181,0.9352493571129632,0.0,-1.0,-1.0
4.72,1.8252108439834198,5.562345401601868,3.2744184271571783,0.5865414894059207,1.8923010326317007,0.8896316218605709,0.0,-1.0,-1.0
4.74,1.8312390833873955,5.602357256220835,3.295466741362102,0.6661462216525255,1.8618196580662583,0.8432530350248253,0.0,-1.0,-1.0
4.76,1.8442383087522036,5.639721542426895,3.3125352305459668,0.7446027569112926,1.8308215917816941,0.7939470729635003,0.0,-1.0,-1.0
4.78,1.8572375341170122,5.677085828632957,3.3296037197298323,0.8230592921700632,1.7998235254971289,0.7446411109021732,0.0,-1.0,-1.0
4.8,1.87023675948182,5.714450114839017,3.346672208913697,0.9015158274288304,1.768825459212565,0.6953351488408482,0.0,-1.0,-1.0
4.82,1.8832359848466287,5.751814401045078,3.3637406980975624,0.9799723626876011,1.7378273929279995,0.6460291867795211,0.0,-1.0,-1.0
4.84,1.8962352102114366,5.7891786872511375,3.3808091872814274,1.058428897946368,1.7068293266434353,0.5967232247181962,0.0,-1.0,-1.0
4.86,1.9153606401167704,5.824122518694653,3.394027666932514,1.1369118123906619,1.6779300939985895,0.5451821360864633,0.0,-1.0,-1.0
4.88,1.9369836641745979,5.858079554215613,3.405676535051287,1.2154054813729496,1.6498865354650067,0.4927298080379938,0.0,-1.0,-1.0
4.9,1.9586066882324265,5.892036589736575,3.4173254031700604,1.2938991503552406,1.6218429769314227,0.44027747998952205,0.0,-1.0,-1.0
4.92,1.980229712290254,5.925993625257536,3.4289742712888334,1.372392819337528,1.59379941839784,0.3878251519410526,0.0,-1.0,-1.0
4.94,2.0018527363480825,5.959950660778498,3.440623139407607,1.4508864883198191,1.5657558598642558,0.33537282389258083,0.0,-1.0,-1.0
4.96,2.029933719754634,5.991600450844486,3.4479565639157697,1.5272289074730685,1.53142724293998,0.2849844395421623,0.0,-1.0,-1.0
4.98,2.0591938298775543,6.0228289724245245,3.454502053012842,1.6031785406067718,1.495951068426345,0.2349729004185438,0.0,-1.0,-1.0
5.0,2.088453940000473,6.054057494004562,3.4610475421099136,1.6791281737404717,1.4604748939127115,0.18496136129492746,0.0,-1.0,-1.0
5.0200000000000005,2.1177140501233933,6.0852860155846,3.467593031206986,1.755077806874175,1.4249987193990765,0.13494982217130894,0.0,-1.0,-1.0
5.04,2.146974160246312,6.116514537164638,3.4741385203040576,1.8310274400078748,1.389522544885443,0.08493828304769263,0.0,-1.0,-1.0
5.0600000000000005,2.1834821513325684,6.1443575639200105,3.4759114033014646,1.89863317784741,1.3394796299134202,0.035358228461120855,0.0,-1.0,-1.0
5.08,2.2201318241090693,6.172134410969686,3.4775909913203114,1.966075809091442,1.28915196407146,-0.014213391458980928,0.0,-1.0,-1.0
5.1000000000000005,2.2567814968855724,6.199911258019362,3.4792705793391585,2.0335184403354774,1.2388242982294977,-0.0637850113790849,0.0,-1.0,-1.0
5.12,2.2934311696620733,6.227688105069037,3.480950167358005,2.1009610715795097,1.1884966323875374,-0.11335663129918669,0.0,-1.0,-1.0
5.14,2.3308423369122306,6.25489670264944,3.482070042418994,2.1652348390640013,1.1346184348545838,-0.1585497136768062,0.0,-1.0,-1.0
5.16,2.3740538787661385,6.277776890892444,3.478926531548155,2.2053710750109006,1.0536955054651176,-0.17039106621056374,0.0,-1.0,-1.0
5.18,2.4172654206200446,6.300657079135445,3.475783020677316,2.245507310957798,0.972772576075655,-0.18223241874432072,0.0,-1.0,-1.0
5.2,2.4604769624739524,6.323537267378448,3.4726395098064775,2.2856435469046974,0.8918496466861889,-0.19407377127807823,0.0,-1.0,-1.0
5.22,2.5036885043278585,6.34641745562145,3.469495998935639,2.325779782851595,0.8109267172967264,-0.20591512381183522,0.0,-1.0,-1.0
5.24,2.5478812752398365,6.367319283714134,3.4660629970619974,2.3446121002378573,0.7306618327740585,-0.21111134389855088,0.0,-1.0,-1.0
5.26,2.5949978949456187,6.382326029622238,3.461767375076977,2.299963382207828,0.6523577785735637,-0.19650651719587245,0.0,-1.0,-1.0
5.28,2.6421145146514036,6.397332775530342,3.4574717530919568,2.2553146641777966,0.5740537243730653,-0.18190169049319338,0.0,-1.0,-1.0
5.3,2.6892311343571857,6.4123395214384455,3.4531761311069364,2.2106659461477673,0.4957496701725705,-0.16729686379051495,0.0,-1.0,-1.0
5.32,2.73634775406297,6.427346267346549,3.4488805091219157,2.1660172281177363,0.4174456159720722,-0.15269203708783585,0.0,-1.0,-1.0
5.34,2.7817854066869825,6.439408473407319,3.4451340859571675,2.1075213760959626,0.3535852345505653,-0.1388947799366771,0.0,-1.0,-1.0
5.36,2.824557904035991,6.446796581928123,3.442259448873735,2.027044889312187,0.312652420390703,-0.12637944086094385,0.0,-1.0,-1.0
5.38,2.8673304013849976,6.454184690448928,3.439384811790303,1.9465684025284151,0.2717196062308425,-0.11386410178521116,0.0,-1.0,-1.0
5.4,2.9101028987340065,6.461572798969732,3.4365101747068705,1.8660919157446396,0.2307867920709802,-0.1013487627094779,0.0,-1.0,-1.0
5.42,2.952875396083013,6.468960907490536,3.4336355376234384,1.7856154289608677,0.18985397791111971,-0.08883342363374522,0.0,-1.0,-1.0
5.44,2.9915628755120163,6.474271250367711,3.431396184042586,1.7011025862793265,0.1599017672775482,-0.07758734922147158,0.0,-1.0,-1.0
5.46,3.02650536741278,6.477676777507388,3.4297392339763926,1.6128893675424893,0.14001615220457395,-0.06750488790166746,0.0,-1.0,-1.0
5.48,3.0614478593135455,6.481082304647065,3.428082283910199,1.524676148805648,0.12013053713159877,-0.0574224265818629,0.0,-1.0,-1.0
5.5,3.096390351214309,6.4844878317867405,3.4264253338440063,1.4364629300688105,0.1002449220586245,-0.04733996526205878,0.0,-1.0,-1.0
5.5200000000000005,3.1313328431150746,6.487893358926417,3.424768383777813,1.3482497113319694,0.08035930698564933,-0.03725750394225422,0.0,-1.0,-1.0
5.54,3.1606370234365198,6.490027860075507,3.4237558729376394,1.2588644196770782,0.06740018188448876,-0.027917065652940925,0.0,-1.0,-1.0
5.5600000000000005,3.1869967601634377,6.4914986050125085,3.423079901666878,1.168867047162987,0.05805821393102377,-0.01896412722566659,0.0,-1.0,-1.0
5.58,3.2133564968903547,6.492969349949511,3.422403930396117,1.0788696746489,0.04871624597755919,-0.010011188798392655,0.0,-1.0,-1.0
5.6000000000000005,3.2397162336172727,6.494440094886512,3.421727959125356,0.9888723021348089,0.039374278024094204,-0.0010582503711183203,0.0,-1.0,-1.0
5.62,3.2660759703441897,6.495910839823513,3.421051987854595,0.8988749296207219,0.030032310070629627,0.007894688056155619,0.0,-1.0,-1.0
5.64,3.2854993107136674,6.496661568268105,3.421066049278795,0.8084923187316574,0.025274430953504443,0.015437363831282068,0.0,-1.0,-1.0
5.66,3.3031027020125574,6.497223381131947,3.4212611592326865,0.7180086302532519,0.021719310125738123,0.02261001948777642,0.0,-1.0,-1.0
5.68,3.320706093311447,6.49778519399579,3.421456269186578,0.6275249417748505,0.018164189297971964,0.02978267514427045,0.0,-1.0,-1.0
5.7,3.338309484610337,6.498347006859633,3.421651379140469,0.537041253296445,0.014609068470205643,0.0369553308007648,0.0,-1.0,-1.0
5.72,3.355912875909226,6.498908819723475,3.4218464890943605,0.44655756481804354,0.011053947642439482,0.044127986457258836,0.0,-1.0,-1.0
5.74,3.3653519433869694,6.499149854796875,3.4226887862310686,0.35611135758887247,0.008737758824794176,0.0361374119988773,0.0,-1.0,-1.0
5.76,3.3741516728701213,6.499365770162417,3.423581763787203,0.2656680854694885,0.006518589224433466,0.02695942394133808,0.0,-1.0,-1.0
5.78,3.382951402353274,6.499581685527958,3.424474741343337,0.17522481335010054,0.004299419624072656,0.017781435883798453,0.0,-1.0,-1.0
5.8,3.3917511318364264,6.4997976008934994,3.425367718899471,0.08478154123071663,0.002080250023711946,0.008603447826259235,0.0,-1.0,-1.0
